Site ID,Latitude,Longitude,Time Period,Material Composition,Script Detected,AI Prediction Score,Human Activity Index,Climate Change Impact,Sonar Radar Detection,Looting Risk (%)
EGX-0001,25.979264261610137,33.0875324425252,Periodo Ptolemaico,Caliza,Demótico,66.50148212753898,4.879290364865646,4.338894709270469,77.86563748090798,70.27038506034074
EGX-0002,30.328797272310524,35.666531597172664,Primer Período Intermedio,Bronce,Griego,90.02667657274908,9.321454563982524,1.3357625298091365,64.01287018190834,11.820311851755061
EGX-0003,26.38566581408675,35.62349180896296,Antiguo Reino,Yeso,Copto,73.46880257602582,1.2752643161899702,1.8694805556378418,75.21801126182977,73.83930724819238
EGX-0004,31.207514449390843,35.624004841421126,Periodo Ptolemaico,"Oro, Bronce",Demótico,80.71005761381055,7.114216596758805,4.61861730979347,97.17123903845135,97.79086203302168
EGX-0005,24.557905620015074,30.521296046290235,Primer Período Intermedio,"Bronce, Yeso",Jeroglífico,91.95048995414311,2.088763105680644,0.7924550099094924,56.02086461074898,6.7445844784567495
EGX-0006,22.69451648116609,35.054944381377204,Periodo Tardío,"Caliza, Oro",Cuneiforme,87.04332719321337,2.3733376688331727,0.28557561484780947,83.0195505212723,84.00331938123725
EGX-0007,26.48922564684095,32.0598614487817,Tercer Período Intermedio,Madera,Griego,85.25071254712856,3.0173567394338927,4.54442202535801,72.23832459491248,72.73003410482514
EGX-0008,22.25468065878216,28.738302435557465,Tercer Período Intermedio,"Bronce, Arenisca",Cuneiforme,85.45790735776063,7.766875798228824,1.9135507295066279,95.34484578038993,21.553068453277767
EGX-0009,25.211083447441524,34.28707011566886,Primer Período Intermedio,"Yeso, Adobe",Cuneiforme,89.35212677288527,3.980764951841447,4.557708355011804,91.51938670589671,64.88190648688627
EGX-0010,31.400951376557217,25.400640086701376,Imperio Nuevo,Caliza,Demótico,84.90933727495579,4.871395915671819,4.880644376189045,54.51580801238134,32.827681796623885
EGX-0011,27.71092047804135,30.67431719533984,Imperio Nuevo,"Granito, Yeso",Griego,57.40149539450421,4.2056150461680915,1.214922913786169,87.05589892719945,13.135886638072215
EGX-0012,27.22275254169599,28.018678890517037,Segundo Período Intermedio,"Oro, Arenisca",Copto,64.863262464324,8.003885596831003,4.841738130314481,54.08759447220832,41.98717209128391
EGX-0013,26.971049677501146,29.45997553803074,Periodo Tardío,"Oro, Adobe",Jeroglífico,55.39513840235916,7.199662452551208,0.14248814926861364,60.77572765489682,36.053535528523206
EGX-0014,27.026949537477172,28.705314792829235,Segundo Período Intermedio,Madera,Griego,97.03005255925254,2.663005172583502,0.9054846047365828,56.002571549098604,3.505608222779033
EGX-0015,30.90673698346955,28.459667025096888,Imperio Nuevo,Ladrillo,Griego,70.46894983260418,3.358564643991742,1.3196743735544414,83.09525067023546,46.622086579500774
EGX-0016,22.98241839097712,28.72634254279196,Imperio Nuevo,"Caliza, Ladrillo",Jeroglífico,73.65904801212776,5.72215868818669,4.674686652025978,58.22009191744705,22.576879753004352
EGX-0017,25.321760183042443,32.804091905812356,Antiguo Reino,"Ladrillo, Oro",Copto,83.38749842451898,7.386995370595991,2.231181706296734,77.84649081705355,75.9619188968983
EGX-0018,28.69419645128944,25.40155825841196,Primer Período Intermedio,"Caliza, Oro",Cuneiforme,69.24945235007331,2.5701252713640117,1.9204453395209642,68.49167654774271,41.715588107377485
EGX-0019,30.50827091022613,33.31169016085182,Tercer Período Intermedio,"Bronce, Adobe",Hierático,69.95716721968844,6.263562787596299,4.701519713216045,78.33966212323406,64.06830769992341
EGX-0020,22.291732923592473,29.405557417988852,Periodo Romano,Arenisca,Cuneiforme,92.47527792624787,3.2359630867674904,1.3149818218912284,53.01614559703866,85.39788293858355
EGX-0021,25.453163743257782,34.51491010237271,Antiguo Reino,Caliza,Jeroglífico,64.47755028552267,5.013453916123286,2.7315761874108153,86.1677395825306,33.470546958011106
EGX-0022,27.6057393131046,32.87877000849017,Periodo Tardío,Adobe,Copto,92.76653846961553,6.194330921388796,3.543012222381438,58.67338638439932,65.52220434028908
EGX-0023,23.46358638258757,32.2917418725841,Imperio Nuevo,Adobe,Jeroglífico,77.81263238325002,2.9072947386700276,2.821867869700249,89.10387991109502,17.941993398580525
EGX-0024,26.09710742431417,35.463598737040286,Primer Período Intermedio,Madera,Demótico,69.64790717688261,3.0353053387660895,4.545926754312834,70.1998573945464,45.3164562456576
EGX-0025,24.144702315003226,31.110217091806692,Imperio Nuevo,"Yeso, Madera",Jeroglífico,85.85390221484872,8.827590902819246,2.80651388271113,81.20524732972072,70.06652445447399
EGX-0026,29.378295176947677,30.490807527653683,Periodo Romano,Adobe,Hierático,95.8591580946221,3.838559292038659,2.937731273218586,51.14805588113769,42.87834044432326
EGX-0027,25.821751115744735,35.457146521812355,Antiguo Reino,Adobe,Jeroglífico,98.4955213932235,3.129839548163445,2.7177560756643553,81.35859907215456,44.515589887686325
EGX-0028,26.99510321416258,31.63455689156516,Antiguo Reino,"Yeso, Bronce",Copto,76.7018325726522,7.521734704159131,0.30769960416014763,62.41671310261316,88.08553597007726
EGX-0029,31.03505819004764,30.75620395812578,Antiguo Reino,"Ladrillo, Yeso",Cuneiforme,72.58049220692799,4.391017974714511,2.8267054758089856,88.18668185617632,33.70251752464242
EGX-0030,28.34285366964039,29.809304304089206,Imperio Nuevo,Ladrillo,Hierático,76.44746938833254,7.949358398495817,1.9906668394490912,80.32402314573238,56.313025813836006
EGX-0031,23.08500536674605,26.701046253737204,Tercer Período Intermedio,Arenisca,Griego,93.71017347304405,2.899036714608449,2.490023556349384,81.82912148928212,80.63058990770364
EGX-0032,31.31939946920054,28.390668298880897,Imperio Nuevo,"Ladrillo, Caliza",Jeroglífico,71.39459617150142,9.802941720231527,4.107121351917322,85.29095098821553,67.15210564136133
EGX-0033,29.784933000684685,31.758581312337114,Periodo Ptolemaico,"Madera, Caliza",Copto,78.46854751929872,7.0087703805159265,2.7352702913139715,94.13247716680175,20.787436984812047
EGX-0034,31.392644598839585,32.497698518891475,Periodo Tardío,"Caliza, Madera",Demótico,60.666728808174945,1.689924413069915,4.160845807012121,70.18674902322965,79.05200793015386
EGX-0035,27.962956560171357,28.883719983200535,Segundo Período Intermedio,Arenisca,Griego,95.39828645317922,9.713219358276618,2.621610975215095,87.38540823662454,82.91855076428988
EGX-0036,26.354036213542237,35.39112307522444,Periodo Ptolemaico,Yeso,Cuneiforme,98.47656803289797,1.6982278892308353,0.4528020583415304,68.16532980839659,34.91102068165931
EGX-0037,27.501764700372053,25.617492082103897,Periodo Ptolemaico,Oro,Jeroglífico,77.50023097833616,5.256729844406734,3.943730789398918,85.2617381744808,57.76608466501767
EGX-0038,22.16180427388443,31.96510729022361,Periodo Romano,"Adobe, Caliza",Hierático,91.29329325718817,9.530820165248873,2.2262863267419646,60.74331840983845,61.07196308615607
EGX-0039,29.905857891569887,33.66085151886894,Periodo Romano,"Ladrillo, Adobe",Cuneiforme,91.88412050914067,3.577394309761646,2.858389780703869,92.12775480270211,2.3530475299622156
EGX-0040,23.207347062147413,26.557315309774538,Periodo Romano,Ladrillo,Jeroglífico,62.72653960504676,1.8199339570160247,1.1939667212729805,66.44963837991644,29.49742030046424
EGX-0041,22.039469077777078,28.221071356022854,Imperio Medio,"Caliza, Oro",Demótico,75.02478808666784,5.449041209959279,4.185055185012709,79.88353568197412,48.49325283211978
EGX-0042,31.116726352645,25.212621962384503,Primer Período Intermedio,"Bronce, Caliza",Griego,90.91009328467172,7.2151573080159865,1.2536431559247252,51.72168261644863,33.0857773948658
EGX-0043,29.125217690966206,28.589179556161994,Periodo Ptolemaico,"Oro, Madera",Demótico,56.874494605535496,8.240320264545748,4.057940800451518,70.20985763780476,99.7798654671833
EGX-0044,23.316962851986045,28.10752968755964,Tercer Período Intermedio,Granito,Demótico,89.99388521389514,4.343132534415393,4.379161367336182,85.87168113476974,40.740447561665185
EGX-0045,26.746446561328266,32.15395752253034,Tercer Período Intermedio,Caliza,Jeroglífico,73.10994227022783,8.12046390812557,3.525023952773206,83.1840843963756,68.61380861615139
EGX-0046,30.776025549659764,26.924854343764697,Tercer Período Intermedio,"Adobe, Bronce",Hierático,81.92548204490816,6.684224502462199,4.08094782881631,96.06741152023423,0.5651934459142582
EGX-0047,28.308130166206947,28.285566910243684,Primer Período Intermedio,"Ladrillo, Adobe",Copto,54.26692830840602,3.6481306533402162,0.028423731379086936,55.017902192563625,34.647240629282
EGX-0048,28.883738056799857,33.57395347472928,Periodo Romano,"Oro, Yeso",Copto,84.92584985667008,5.1193615922556965,1.0166597446600412,51.20605657896256,84.45477797542719
EGX-0049,29.38861332649268,31.327869532540618,Imperio Nuevo,"Ladrillo, Granito",Demótico,64.38131719854894,3.9393571925061854,3.0899003910005893,76.87132893915289,48.09577641765337
EGX-0050,22.355842181462805,34.28425306255147,Periodo Ptolemaico,"Yeso, Granito",Copto,78.382640831796,5.3753774745672604,1.1297732121453663,60.968717520099794,76.4176646802284
EGX-0051,26.894283026890964,35.58260416816756,Imperio Medio,Arenisca,Cuneiforme,61.27207577374983,5.550190012424096,1.250973614570618,67.79876277238932,9.114797304516664
EGX-0052,27.163113572216126,32.09280359203182,Periodo Ptolemaico,"Ladrillo, Oro",Griego,53.02989978636046,7.556175618401339,2.6784653067314435,89.83339090745147,40.47833436434455
EGX-0053,24.516948744945186,33.61775252400784,Periodo Ptolemaico,Bronce,Griego,77.0548414301613,4.045574145737618,4.850222970324552,72.02654301368649,67.15734943225597
EGX-0054,24.006586166353703,27.681931999320607,Imperio Nuevo,"Arenisca, Adobe",Hierático,70.02852425666262,9.771617233814855,2.058526716348676,84.92011440828637,55.31931937024297
EGX-0055,24.292747336752672,32.58779432504076,Periodo Ptolemaico,"Oro, Caliza",Hierático,57.31586200766757,8.13943921977108,2.1596445500869015,87.53347873894238,7.759367771146919
EGX-0056,25.470289970687286,28.84245949571416,Imperio Medio,"Adobe, Yeso",Cuneiforme,51.6452594921177,3.9427141274161346,2.2819665727789733,54.4894393875316,92.33375769153996
EGX-0057,31.393770456790314,32.39437014319331,Antiguo Reino,Oro,Demótico,69.48982962080704,6.964737142244736,0.043203379627487215,87.17795115444233,99.85747907943659
EGX-0058,24.347981971667615,29.52148543533057,Imperio Medio,Adobe,Jeroglífico,92.41401067599583,3.149219755526238,0.4596089514757501,56.36652678665687,28.184689032609555
EGX-0059,25.09048952768662,27.193541876398086,Imperio Nuevo,Bronce,Jeroglífico,73.0726402920623,2.737654492500287,2.488323161781818,78.81425499145644,42.88562811489257
EGX-0060,25.16473919145763,33.4653764616332,Periodo Tardío,Madera,Copto,85.37995727122262,7.237830517976925,3.189245193496797,88.48991339977658,83.58868381826234
EGX-0061,26.5844379758877,33.424441085859506,Imperio Medio,"Bronce, Oro",Copto,79.57105874450562,4.495157532891339,4.918783152813465,96.17190486854037,61.11976162631944
EGX-0062,23.60476639982281,28.55227598487566,Antiguo Reino,"Oro, Caliza",Cuneiforme,67.90142177550712,4.936112219108644,4.325297310896042,90.55365325739761,51.32581666890572
EGX-0063,29.68852296118968,28.245158780829705,Antiguo Reino,"Bronce, Adobe",Jeroglífico,53.03530304375223,8.029903563437282,0.8590635266609448,93.46670154361652,24.26357784935178
EGX-0064,29.38855701564009,27.48784418966118,Imperio Medio,Madera,Hierático,71.38118910304532,5.454377186448969,3.228624929868438,97.07076262104994,3.8186659409507273
EGX-0065,31.488133836923623,26.400233953485735,Imperio Medio,"Arenisca, Caliza",Copto,77.52401659341237,2.9223433547102693,4.711021929854037,55.791054784378076,42.26237463747749
EGX-0066,24.493301382118123,27.60716131304197,Imperio Nuevo,"Granito, Madera",Griego,92.89818415883897,5.561989169607401,3.28222824386585,61.02707267075499,85.18884600288733
EGX-0067,31.14646470729449,25.736410350821277,Imperio Medio,"Oro, Caliza",Hierático,97.15789669209019,7.084362050184471,1.8393857786308758,52.70987530845901,75.27580423093556
EGX-0068,30.148490725370873,30.769008689018733,Periodo Tardío,"Arenisca, Madera",Griego,61.51914713306932,7.037276933072538,0.38296011544088293,62.683608499534344,63.408302800950466
EGX-0069,26.86383107594321,29.737412368119415,Primer Período Intermedio,"Granito, Ladrillo",Cuneiforme,97.03604582658261,8.561125894811449,1.8394426579409473,97.75860778907511,10.051062241418707
EGX-0070,23.34420333572494,25.039259783776032,Primer Período Intermedio,"Adobe, Ladrillo",Jeroglífico,81.85854232643379,9.512878608876324,0.15097381738927051,63.339681980107436,26.142983368593896
EGX-0071,24.78850162801993,32.582427334117675,Periodo Romano,Adobe,Griego,63.213327897054484,8.117674976436865,4.064230672630517,70.00980647627625,85.73097927730473
EGX-0072,27.966683633323974,33.68162884929353,Antiguo Reino,Adobe,Hierático,91.17688271491036,5.378171250952578,0.29136355061432917,72.22242554558011,15.176413508175646
EGX-0073,30.453879794681043,35.888709779462495,Periodo Ptolemaico,Arenisca,Demótico,79.53347357830339,8.066727451088575,3.8343388905055686,65.66756556218617,84.67761460530497
EGX-0074,24.62741265065306,25.528605740005784,Imperio Nuevo,Oro,Jeroglífico,81.37992657458207,2.294404894485796,4.271351944566214,66.90166674390976,30.228916214744117
EGX-0075,28.228156898328308,28.090801934190402,Periodo Ptolemaico,"Arenisca, Granito",Jeroglífico,55.31283970869176,4.980562276929078,3.8249776265045976,98.73026637452267,76.86196199470692
EGX-0076,23.334311213634415,30.1138237154903,Periodo Romano,"Granito, Bronce",Demótico,52.56356929500243,7.78456513959921,4.605229965615734,88.79506053906253,84.94987314924371
EGX-0077,30.660236776188654,25.29675197459806,Periodo Tardío,"Bronce, Arenisca",Copto,76.01910938878305,4.245405163443188,0.12056129690921569,90.9725036883319,13.148868350185417
EGX-0078,25.13113972534538,26.425368484962735,Imperio Nuevo,Madera,Demótico,59.73390536835166,1.186578758285445,1.6976220046119783,75.29367249267366,11.42897586169921
EGX-0079,24.857550245483374,32.605038323775624,Segundo Período Intermedio,Arenisca,Cuneiforme,82.38937718380811,1.279918868193185,2.9376332309335114,84.97135557678266,64.74355398904918
EGX-0080,26.321811699445917,28.128518132645983,Periodo Ptolemaico,"Oro, Madera",Copto,94.56986904762019,3.3618767593816807,3.230565201221875,56.22934576290126,84.21416895202107
EGX-0081,26.635739042077645,26.218380495134436,Imperio Nuevo,Granito,Copto,96.70951356398308,7.447635325475044,4.158655511734164,76.13173046555464,45.641537023230505
EGX-0082,22.58404760451874,35.31199527524814,Segundo Período Intermedio,"Arenisca, Ladrillo",Griego,67.0256620365709,2.15118282769855,1.3890017201879616,72.72367870270806,22.488412208531738
EGX-0083,27.478163942763143,30.861707366418756,Segundo Período Intermedio,Arenisca,Hierático,77.55797308645913,6.273431402393565,2.2588893372323438,78.24059361043494,11.764395821661378
EGX-0084,30.20167502020098,35.0491874600042,Imperio Nuevo,Ladrillo,Griego,73.3026651781222,8.196566584593072,2.115016381448468,54.44419934486459,2.9890243165787145
EGX-0085,27.10085312188602,29.392329981149537,Periodo Tardío,"Madera, Bronce",Griego,76.6415823723419,6.236059662869548,0.9455077307508858,76.03363358217254,12.074751868572841
EGX-0086,23.822950606345913,34.982117833648644,Imperio Nuevo,Caliza,Copto,78.7995503335605,7.16714281529602,1.196819007519987,94.0010602058358,34.123438883975034
EGX-0087,27.088558188368214,29.054206861053704,Periodo Tardío,"Bronce, Yeso",Griego,71.96969651032289,6.902080453829734,3.508198811137448,63.38079470481744,95.39962378002727
EGX-0088,24.379124459691536,31.32201499668929,Imperio Medio,Ladrillo,Cuneiforme,77.92096151406196,5.581091350927193,0.598622296775751,57.79751331466642,42.827306808309494
EGX-0089,27.509248142434473,34.77119804987111,Periodo Tardío,Adobe,Demótico,66.43493140164266,4.527354195732181,1.2773085254228855,89.96483542342898,82.03443059029803
EGX-0090,22.121395747382188,26.30477802911585,Periodo Ptolemaico,Yeso,Jeroglífico,78.20049236970902,7.058815429018996,3.9299452334659195,69.57208277558394,23.60855818117121
EGX-0091,28.05134719296423,30.402806380987094,Segundo Período Intermedio,"Yeso, Arenisca",Hierático,51.91165666521972,5.14419577861779,2.248178086015171,60.146063514219684,32.961960458241755
EGX-0092,26.282031405349308,34.14371690748915,Periodo Romano,Bronce,Demótico,70.38735357471127,6.416487034771767,3.692190235618412,97.61910570280725,53.88938267526516
EGX-0093,23.08876356034453,31.16147688216497,Primer Período Intermedio,Madera,Jeroglífico,76.38792909545359,8.341639133245938,0.7158942559169812,76.62230235678092,48.65824350540243
EGX-0094,31.264213542213994,33.36137941836291,Periodo Ptolemaico,"Yeso, Madera",Jeroglífico,58.61672665418878,4.610572195212903,2.7406717662060025,63.74317315205656,28.28050000579594
EGX-0095,29.473924147918865,28.276514769830303,Periodo Ptolemaico,"Bronce, Ladrillo",Copto,67.041111412459,6.340047790321758,2.070885528187707,74.6357458305746,4.661155423359031
EGX-0096,29.75374850236872,28.30788090812636,Periodo Romano,"Yeso, Adobe",Cuneiforme,94.5083204587062,5.5162256113976085,0.6005627556787657,64.19815042270318,99.65015241618558
EGX-0097,22.89844931615141,29.641345200198383,Imperio Nuevo,"Oro, Yeso",Hierático,56.82496128563416,8.152109870139492,1.4310676632112673,75.53802626684539,54.049122222655164
EGX-0098,31.007898559183595,30.052134318013326,Imperio Medio,Arenisca,Jeroglífico,70.05944170060557,9.88140112541364,0.9560584712448411,66.95137680411287,27.1071157269298
EGX-0099,24.81337694995366,29.703333999259648,Imperio Nuevo,"Caliza, Bronce",Copto,77.22597098059691,2.310520990496618,3.419230720714776,99.5477281516462,26.68541683554665
EGX-0100,29.970251341991293,32.689719849644156,Imperio Nuevo,Caliza,Cuneiforme,77.18443137322268,4.719197698056808,3.976822965287268,86.86902262289117,1.4342409447036908
EGX-0101,31.04958615831269,29.090893591856638,Segundo Período Intermedio,Yeso,Hierático,76.06455556584166,1.2351605532684549,4.11123961094636,80.84484571001451,59.467211290347066
EGX-0102,23.80286028847,33.18790235894132,Imperio Nuevo,Arenisca,Copto,96.5045228532936,1.0333634990991711,3.841726237983143,98.3956944499781,93.38075064447698
EGX-0103,22.977673648580573,26.887879860784746,Periodo Ptolemaico,"Ladrillo, Granito",Jeroglífico,80.03135018326708,9.050547380403309,4.403420083688072,96.41801201966342,24.04570782308585
EGX-0104,23.721246914796225,26.434066354842958,Periodo Romano,Yeso,Cuneiforme,64.57444488894696,3.9472556045951546,4.145468689821897,80.04041540128478,43.4986313346461
EGX-0105,24.954765788446352,27.359929248114586,Segundo Período Intermedio,"Bronce, Caliza",Hierático,64.28567271842599,1.8168420020322786,3.454170839521604,74.69310715661574,68.55353442567478
EGX-0106,25.192646366231894,33.03127273305538,Imperio Nuevo,Bronce,Copto,77.08901942305195,2.377167240648692,1.0122987992609551,52.794128273590545,39.10294557267145
EGX-0107,27.648179604817035,27.014910512145093,Periodo Romano,"Bronce, Oro",Jeroglífico,61.93821005486087,2.25643305393579,4.337233108549498,97.69800968207056,10.059510061733901
EGX-0108,28.733706804904543,33.24541392681675,Antiguo Reino,"Arenisca, Ladrillo",Cuneiforme,79.67323651364242,5.048270879171325,2.0304888841950204,71.8579406469833,71.69762367476876
EGX-0109,27.872728129533392,29.974997898536145,Tercer Período Intermedio,Adobe,Griego,77.23506438095808,1.9473840390840627,0.7738009101478971,81.90071622448508,13.475707564328642
EGX-0110,26.57057463129038,26.444078101315895,Periodo Romano,Oro,Jeroglífico,79.67375250067973,6.895412244788673,0.44298893405762707,50.490143527012386,19.75346072529436
EGX-0111,30.784770928586184,34.15935766952365,Imperio Nuevo,Arenisca,Copto,59.02949912553801,5.333383374962632,4.317596901719599,95.6168144820069,4.866048742381601
EGX-0112,30.546988676849423,35.30690925000473,Primer Período Intermedio,"Yeso, Granito",Jeroglífico,83.93608132569767,3.5631197230309413,3.630062665442563,71.1975199211087,47.01528630890341
EGX-0113,26.3470173675221,30.73722879892333,Tercer Período Intermedio,"Adobe, Caliza",Copto,74.18536601475967,6.5782407294554694,1.7223980121752276,66.59058601829832,24.150422491774915
EGX-0114,26.82218711996807,31.266067685552212,Periodo Tardío,"Yeso, Bronce",Copto,88.5381158323884,2.982884553699491,3.915113094064196,54.461813356224084,91.01590857591356
EGX-0115,29.250085085082468,32.338624458322464,Segundo Período Intermedio,Oro,Jeroglífico,58.51987030196847,4.454336764459953,0.19099127469524246,58.71546754689865,36.20218715918377
EGX-0116,28.164050879679387,25.725994760773563,Periodo Ptolemaico,"Madera, Adobe",Hierático,62.813668399151936,6.478613668780147,4.682973419793761,59.304160094619476,78.16694151630826
EGX-0117,26.564725460883956,33.5708995585416,Primer Período Intermedio,"Arenisca, Yeso",Demótico,95.73698190771437,3.0411694590008422,0.7841347592564052,67.86037344561583,79.43858953088679
EGX-0118,30.859676086502052,30.759072043680035,Periodo Tardío,"Ladrillo, Adobe",Hierático,80.81889843521884,8.584085048464045,3.8018516563716647,75.55816993995498,68.41316761500136
EGX-0119,30.871405423720237,33.04198353146601,Imperio Nuevo,Granito,Copto,74.58911903182582,9.015809322610597,2.872024736724619,81.8185470064555,60.685467809159185
EGX-0120,22.980030953952507,25.817217042266034,Imperio Nuevo,"Adobe, Oro",Demótico,82.58308148600844,4.378692470605646,2.9536532354228635,67.25890822239315,83.04424530512605
EGX-0121,25.978715393158886,28.67722337051648,Primer Período Intermedio,Adobe,Jeroglífico,52.10361695154315,9.43623978303301,2.495121192867291,72.8106421844617,44.474827319644504
EGX-0122,26.069140460329564,35.643639654971544,Primer Período Intermedio,Oro,Cuneiforme,88.77338499188585,2.5104533329633467,3.400953982453734,69.6956000792185,45.56444862401493
EGX-0123,26.421540048506127,26.230871626897013,Periodo Tardío,Bronce,Cuneiforme,69.39473829355276,8.10424418021272,0.28166244280141917,74.25026134368896,6.661982075984374
EGX-0124,29.265437755586696,31.110791364363735,Segundo Período Intermedio,Bronce,Hierático,81.99625998176496,8.13272726186147,2.5229869635006703,95.00865145310036,27.470224007396006
EGX-0125,24.148970557884528,35.013536702228635,Primer Período Intermedio,"Oro, Madera",Copto,84.74697539944235,9.614683252703305,2.372361165576442,76.68404274592615,14.654556684030062
EGX-0126,24.407306725121586,33.73455823737666,Imperio Medio,"Oro, Bronce",Copto,55.26657215799625,5.4778737836107165,4.664046671405398,81.68044442763374,14.202647923494972
EGX-0127,30.109140087483738,27.522491939451868,Periodo Ptolemaico,"Caliza, Ladrillo",Hierático,60.28682528670914,3.1990124698364673,3.601956930811294,74.27821558756058,29.401171330160736
EGX-0128,22.576367448597267,28.715616766081787,Periodo Romano,Yeso,Cuneiforme,91.97578808169632,1.6863405832156686,4.262739181044942,98.51947217165903,91.01228089925473
EGX-0129,27.081554202281847,25.272401083162293,Primer Período Intermedio,"Granito, Bronce",Jeroglífico,76.27093352075218,7.017627487005345,2.083732493710774,77.13790643114527,22.273203735784307
EGX-0130,29.00893384234788,27.47537222183215,Tercer Período Intermedio,"Ladrillo, Oro",Griego,63.126037142601064,5.356006493086012,3.128070030612131,64.88836050241676,30.02298677022489
EGX-0131,25.146828154035276,26.80833323016389,Antiguo Reino,"Bronce, Madera",Demótico,79.0360456672471,2.1234982695280964,2.476310352945641,96.93869997106353,30.273273471057184
EGX-0132,27.828481888866413,26.77598736365074,Periodo Romano,"Madera, Adobe",Hierático,78.03767326923,2.1317492973218135,4.151755587275876,50.862700950261164,43.21881744915936
EGX-0133,23.123188268898428,27.382221903312352,Antiguo Reino,Yeso,Griego,67.66246293557165,1.575062313132535,4.906140060789897,52.104689328850476,33.74176367296007
EGX-0134,23.903591353811382,25.777343345542228,Imperio Nuevo,"Adobe, Granito",Copto,62.386466291560964,8.712827856726388,0.3090923411656127,50.78613166607713,85.31831071005972
EGX-0135,31.372221583118797,29.093479232834376,Periodo Romano,Granito,Demótico,59.73419063266724,1.6105615726611653,4.274661773277612,69.36838443889405,19.55255317713981
EGX-0136,24.435409118542445,33.36202186646868,Tercer Período Intermedio,"Yeso, Arenisca",Jeroglífico,91.56004699742391,6.899995959549393,0.7863531469081525,82.14673268863066,73.91342118969838
EGX-0137,28.359560818983418,31.516314575462353,Periodo Romano,"Granito, Ladrillo",Demótico,52.170436857358155,1.8128630120557683,0.27197706341725914,57.36860539272166,43.03986158240727
EGX-0138,25.001859922973065,34.012473670119334,Primer Período Intermedio,"Arenisca, Bronce",Copto,85.09562547927317,7.805495559055606,0.8856890783198601,95.73516110650162,30.78500294668357
EGX-0139,26.271593234149115,35.28618541951519,Imperio Nuevo,Adobe,Griego,52.61417302909705,5.268359302145651,1.1632378050258352,54.597366683341534,44.57049094612394
EGX-0140,28.392627942654116,26.26986238217186,Periodo Tardío,Adobe,Griego,83.26681679253062,9.443832835518831,3.570361397165234,59.45340958172788,57.640049097479384
EGX-0141,22.330007448165635,25.663836647441368,Periodo Romano,"Ladrillo, Bronce",Hierático,83.77815225239944,1.8845921078013892,1.3116862040107895,50.915506642606964,24.585112011813003
EGX-0142,27.807935271700362,26.668274785291537,Tercer Período Intermedio,Ladrillo,Copto,89.97302756496424,1.640588565191338,0.24163207970440526,51.07543504734804,30.912656128099258
EGX-0143,23.495629567601867,32.22142887927759,Segundo Período Intermedio,"Adobe, Granito",Jeroglífico,75.95177910465449,2.6235041982618417,4.245400098280928,73.26887068705031,51.96427913941891
EGX-0144,27.369865203620428,34.00436549333772,Imperio Medio,"Adobe, Arenisca",Copto,81.31641185921285,4.963479728831254,0.2283960027610238,59.17376508327591,48.14443098712397
EGX-0145,22.611890831426035,28.709075320016833,Primer Período Intermedio,Bronce,Griego,82.49763601061136,7.991886388775751,1.209111662704504,51.02574847309553,45.35030508126627
EGX-0146,26.365246546294305,34.85383423803846,Periodo Ptolemaico,Madera,Jeroglífico,70.26595086186192,8.68181606977021,0.4594258990341282,77.48049542328236,53.49012662366045
EGX-0147,24.32631662804887,26.341762870486832,Periodo Ptolemaico,Ladrillo,Copto,98.27617596219848,4.463568287971233,0.418376173632532,62.94709881867065,42.68597212788969
EGX-0148,22.95223686258711,34.48466743426566,Tercer Período Intermedio,Adobe,Demótico,55.418947840647846,2.8530366756406558,0.2122025652098425,59.55324234518156,84.1043999879924
EGX-0149,24.792306418263045,27.674724626397065,Primer Período Intermedio,Arenisca,Griego,94.25086061080395,4.112232572323055,3.608608043828958,91.44084378568876,99.47403822532131
EGX-0150,29.62331546887125,35.72674878766591,Periodo Romano,Adobe,Demótico,57.6345871775262,9.887376032205225,0.35359967964392114,55.65359937068844,33.58888664088293
EGX-0151,24.142162498000875,32.90836681580868,Tercer Período Intermedio,Bronce,Demótico,66.84337220404535,1.791908512891287,1.0085694896361086,59.04320938762048,25.270132440876235
EGX-0152,22.776247358525108,33.940881773299644,Segundo Período Intermedio,"Caliza, Yeso",Griego,72.32534402629538,8.424766935045339,2.013938187361451,54.927500955459365,15.519287021530282
EGX-0153,30.35035411420249,30.70826058573926,Imperio Medio,"Bronce, Granito",Copto,54.73964018979373,5.196763023416223,1.6417080744571544,88.38273691018584,84.45893786890014
EGX-0154,26.16376286510723,35.96223554599655,Imperio Nuevo,Arenisca,Copto,94.81175775059964,8.978565546032726,4.624860063778501,53.73272357672596,15.003921855914948
EGX-0155,27.80057931080063,25.483870324824856,Tercer Período Intermedio,Caliza,Demótico,71.85495387560526,4.562259596936188,0.7835835210961883,94.24227927649366,93.95670363341291
EGX-0156,30.371055556246056,33.25940619867818,Periodo Ptolemaico,"Arenisca, Ladrillo",Demótico,78.85549069107597,2.39836533136308,4.129889371727246,87.35158282101395,3.34642171848355
EGX-0157,24.27946493311932,30.76057477884183,Antiguo Reino,"Bronce, Ladrillo",Cuneiforme,51.777538545791884,5.888001582481019,3.0577488827074824,95.17511303023075,48.87980089055445
EGX-0158,29.320045007400907,27.66983300050224,Antiguo Reino,"Caliza, Madera",Demótico,65.88401883503084,5.094964546417777,1.6604213688617482,73.7238456406462,15.910507017458897
EGX-0159,27.072595307552444,31.436349024561665,Imperio Nuevo,"Ladrillo, Arenisca",Demótico,92.02791326510297,3.501207598578786,3.486205001706439,50.71344267141533,25.905965569431476
EGX-0160,22.449834997271086,33.64853137319069,Imperio Nuevo,Bronce,Hierático,69.92941197837474,9.06774242324412,3.2463543977296387,81.73256443786639,34.76409130337945
EGX-0161,22.046720726571067,30.166362576281937,Primer Período Intermedio,"Bronce, Yeso",Demótico,94.47477986714657,4.793140881546245,0.7014770196724157,82.28270072448088,86.06127051722734
EGX-0162,22.730899133498475,26.195976280307654,Periodo Ptolemaico,Bronce,Cuneiforme,81.86365285951622,5.552771508296857,0.10099160141985919,70.44248215480336,44.030090082122754
EGX-0163,28.894179865999654,25.53233118476484,Imperio Nuevo,"Ladrillo, Oro",Hierático,94.92924332386158,2.138022425039063,0.8917719853914569,88.72944763228568,85.45700458106326
EGX-0164,30.331655649556247,25.208681207047473,Antiguo Reino,"Ladrillo, Caliza",Copto,91.94345996543618,7.04971785008389,0.11195392035028229,71.3277056681206,62.505987981140656
EGX-0165,28.283199469383728,33.312069993176394,Periodo Ptolemaico,"Caliza, Bronce",Cuneiforme,91.97591654248147,9.848850813395394,3.4193929273508346,68.82862074715764,33.197962190841025
EGX-0166,31.580453626578247,35.120057084858196,Periodo Tardío,Yeso,Griego,66.81479940613582,8.851437097632154,1.7105677085244952,70.65663956966426,44.7510836752934
EGX-0167,25.985506215635176,29.03071087229028,Segundo Período Intermedio,"Ladrillo, Oro",Copto,54.29171881577163,1.5357738960235965,3.7521720573497923,64.50146924422398,76.33537930675948
EGX-0168,25.26981895832514,35.74370449402116,Tercer Período Intermedio,Madera,Demótico,62.896558864716084,3.314595735822905,4.298586940366589,99.48649919635386,12.638079558301762
EGX-0169,24.147946348133765,31.419927744223216,Periodo Ptolemaico,"Arenisca, Granito",Griego,83.41841452420024,4.547048209941055,1.811067977541267,75.50236067961063,77.4007165108945
EGX-0170,29.59537281892391,32.05210952087394,Imperio Nuevo,Ladrillo,Copto,60.32771535778413,6.940009413186582,4.839532733143091,96.26731294335724,96.53589923345551
EGX-0171,29.88026075327341,25.254168791989326,Imperio Medio,Yeso,Jeroglífico,82.18324241354446,7.231368545543753,3.586113713274176,83.6341891091801,73.49300270853172
EGX-0172,25.995960199559697,32.228408250412265,Periodo Romano,"Yeso, Arenisca",Copto,60.69225950401456,7.828292679735688,1.823504067733046,76.448406010066,68.7758194531523
EGX-0173,24.45245298203078,32.04732643059422,Periodo Romano,"Yeso, Bronce",Jeroglífico,61.182765533278335,2.6124036893343607,2.756552364995395,82.10653866961474,62.02188281906052
EGX-0174,31.114803027961504,32.565348530925355,Periodo Romano,Granito,Griego,83.47649233515972,9.58913262462643,2.6093473538625473,67.75438949030439,95.23500956828224
EGX-0175,22.64856494972964,27.71267848388651,Periodo Tardío,Yeso,Hierático,57.853692429323075,5.561442603858834,2.8522556822804663,93.5137778603652,35.352912067748555
EGX-0176,26.38619839894011,33.33474865520576,Imperio Nuevo,Ladrillo,Hierático,52.03194411668162,9.464205765266758,0.4677223732315533,67.80224108624614,9.739643701602475
EGX-0177,26.498947132008176,31.57355556276121,Primer Período Intermedio,Caliza,Demótico,87.16498065245537,6.536723263688616,3.4129063049300354,69.1934932593687,48.2718659094054
EGX-0178,29.626072855291177,25.24422116652356,Tercer Período Intermedio,Yeso,Demótico,55.75579325445886,9.539333621170888,3.28058414077119,84.67091664890344,21.454711870977626
EGX-0179,25.639093576092023,32.089348351549276,Periodo Ptolemaico,"Ladrillo, Oro",Griego,84.23394986645357,4.404622986780645,1.896548268877798,50.958298711504675,29.309296078279033
EGX-0180,24.376482401115375,30.933943746562676,Segundo Período Intermedio,"Caliza, Yeso",Hierático,52.115356549713646,8.267874169583212,0.691648381844237,51.30604145905226,22.25434865089713
EGX-0181,24.389808399853468,31.248528636738886,Primer Período Intermedio,"Adobe, Granito",Hierático,93.64618038168001,2.7328545317787594,1.6376026989133818,54.427761420719214,70.36829877233947
EGX-0182,22.981441836045214,33.65657862435077,Segundo Período Intermedio,"Adobe, Caliza",Griego,59.95512840707199,3.8308156423486293,1.555955828269186,75.8971750760926,49.94247394250104
EGX-0183,31.116618075226693,25.78685340772349,Segundo Período Intermedio,"Ladrillo, Yeso",Cuneiforme,57.97337962694237,5.78991847626552,3.7936536505916933,85.20461390376796,19.425532837671376
EGX-0184,28.740690372238298,27.45559804887158,Antiguo Reino,"Arenisca, Madera",Jeroglífico,53.596243149868435,9.600586879501746,1.8860524526321343,62.22694920696117,52.35605088043137
EGX-0185,28.479465040212247,34.2203690959411,Segundo Período Intermedio,"Bronce, Yeso",Copto,76.87529628835279,9.387297918772585,1.4997895592743138,74.75221217938433,82.28186413517719
EGX-0186,25.52375863495184,35.208118694983966,Periodo Tardío,"Caliza, Madera",Demótico,51.522079062201904,4.769701810589732,2.9840668175601213,82.24569720291126,48.65606972046085
EGX-0187,27.61434414224807,34.34213187889472,Periodo Tardío,Bronce,Demótico,55.74233307443809,7.436284160224875,4.1920489474207265,59.7592190210847,5.408171154219065
EGX-0188,23.623178078574778,26.7038278778738,Periodo Romano,"Granito, Yeso",Cuneiforme,69.40604735929315,4.465129616707348,1.5666667236599636,69.56824576674978,25.152945407832327
EGX-0189,26.842705523877314,27.864932227959986,Tercer Período Intermedio,Yeso,Cuneiforme,81.30196822290796,9.771734013410443,4.4309198884561924,99.91846788502889,62.46969701718452
EGX-0190,31.074181685512883,25.333948732005908,Segundo Período Intermedio,Yeso,Demótico,76.05782792597365,6.298654304399554,4.9896099264218075,59.49679930189653,37.266536360519055
EGX-0191,31.437007464013153,25.145495502888277,Antiguo Reino,"Yeso, Oro",Cuneiforme,84.34376460843973,3.4416088675769787,4.1850991052148,72.21759981282938,40.39271751177
EGX-0192,28.132400602913016,35.87496774067096,Tercer Período Intermedio,"Granito, Arenisca",Jeroglífico,72.5746676285219,3.879893177877089,1.6812642802778166,56.141768982706914,94.26780797322365
EGX-0193,25.664539109906297,30.2079340416509,Primer Período Intermedio,Bronce,Copto,82.165022155646,9.366357462717838,2.943767544945264,73.97104140108081,30.031423448539606
EGX-0194,27.45020936049705,26.950691033806113,Periodo Tardío,"Madera, Yeso",Copto,66.11164178911724,5.826528862301003,0.0612219812250292,69.67466990482738,62.96235769822655
EGX-0195,29.269060020177722,25.409577417848055,Imperio Nuevo,Granito,Griego,70.76746115809699,9.838956999756881,2.7975352763900805,95.0548071054436,18.583909609864012
EGX-0196,29.53164185883194,27.831102979405618,Tercer Período Intermedio,Madera,Griego,98.82246115253841,5.837243768968219,4.205780800439066,83.63120403973873,75.09695033559346
EGX-0197,30.99183470277042,25.469429567049872,Periodo Tardío,"Yeso, Caliza",Demótico,80.09692065190157,6.118963933570926,2.857517270288139,99.68384387735814,46.76499597666635
EGX-0198,23.33839834380601,25.357711328330677,Periodo Ptolemaico,Bronce,Demótico,53.30619856541327,8.548315806439412,2.3123247410752494,78.00617211041076,21.245172342166963
EGX-0199,28.824439349531513,26.413767514871058,Periodo Ptolemaico,"Ladrillo, Arenisca",Copto,70.8115909738428,8.373684624430673,0.9052913891416803,69.38892344895848,77.29194099823381
EGX-0200,29.508539202205483,31.82051351932429,Imperio Nuevo,"Bronce, Granito",Demótico,65.2488491078299,2.5591029990836724,0.49176328427408267,76.84921060407962,8.66435015174426
EGX-0201,23.24769096450699,31.656342488933088,Periodo Tardío,Madera,Griego,67.87860567828976,4.789750547679045,1.504260697753565,76.60174501161589,42.79352980468527
EGX-0202,31.553242270524215,28.07083992041598,Imperio Medio,Oro,Demótico,69.92356973181508,5.515847608637146,2.201956052638848,70.16017579941825,49.40497278148685
EGX-0203,26.338647268430663,26.905393172823818,Imperio Nuevo,Ladrillo,Cuneiforme,94.54456390932937,5.517240790678546,4.285216651084463,57.24705073591526,68.14859309878611
EGX-0204,22.992441481867033,29.73620149333299,Tercer Período Intermedio,"Madera, Adobe",Demótico,88.66494443856374,4.664659021051391,2.765633606909526,87.87145998674869,6.569582928347051
EGX-0205,27.522665891496235,33.88712216931676,Imperio Medio,Madera,Hierático,55.45890271310469,1.7472466990592537,0.38449780404978984,98.45082575492735,43.51650846561205
EGX-0206,29.338542461973937,33.363946681792555,Tercer Período Intermedio,Oro,Demótico,95.72907074233494,1.5570822344036306,2.014298706914168,67.18838953105306,73.76457661946118
EGX-0207,30.929589269411192,26.45260323308682,Periodo Ptolemaico,"Oro, Arenisca",Griego,76.70773501013637,6.854897484277624,1.0965483224030614,62.234421969680575,75.21724988018494
EGX-0208,22.6322072663628,32.51108702010804,Antiguo Reino,"Adobe, Bronce",Copto,53.22516335769868,5.389116289844195,2.0988300149542747,62.49247957912107,16.883868658736457
EGX-0209,26.216226718840858,30.37430189494122,Primer Período Intermedio,"Ladrillo, Arenisca",Cuneiforme,94.9018138679303,1.8940914868700842,0.9030973028320555,67.66323653483491,38.92432012601882
EGX-0210,24.666376784647564,27.916106666568997,Imperio Nuevo,"Granito, Madera",Hierático,66.83227501624006,9.241859055053416,1.8719549841327803,61.152312525571354,35.87628453861507
EGX-0211,22.269218870362774,27.547003658472693,Imperio Medio,Caliza,Copto,91.04207798727751,6.776446149529429,4.872568784397191,76.61319686344916,47.517545713081525
EGX-0212,27.668948280914307,33.45794221784937,Periodo Tardío,"Arenisca, Bronce",Cuneiforme,69.41650752881209,6.800858907213851,2.1171619810978393,59.2541835731677,83.01985661273288
EGX-0213,24.656320597167348,35.63691831016606,Periodo Romano,Oro,Copto,71.06757761542217,4.230478876211416,0.8812838119936361,78.56149887762038,12.751439232788542
EGX-0214,27.07564531771254,25.99131609646347,Periodo Ptolemaico,"Bronce, Ladrillo",Copto,54.4874283866477,4.821738381004073,2.2258640031071857,74.38847703801228,74.77330531258319
EGX-0215,26.14881675859553,35.6983386760478,Segundo Período Intermedio,Granito,Copto,91.90066468639165,6.405691488448265,4.553874496845923,56.55714978056386,2.726064489789015
EGX-0216,26.048491153995087,27.327416391201535,Primer Período Intermedio,Adobe,Cuneiforme,50.86397645892496,6.874509686607086,1.165002762363191,57.30574258060192,63.16193366360074
EGX-0217,27.233228221066163,35.896357877789924,Periodo Tardío,"Madera, Caliza",Copto,94.51986610159597,3.481195705435512,3.2528602372118103,51.23066767861827,33.28301184000425
EGX-0218,23.428355110778764,31.64455310368006,Tercer Período Intermedio,"Yeso, Ladrillo",Griego,69.1407673608882,3.1759506159460225,4.1318720846924375,98.40542596687409,4.168580922898024
EGX-0219,27.157898541498902,32.248775226875146,Imperio Nuevo,"Adobe, Caliza",Jeroglífico,55.541781593030535,6.629321965132782,2.3669020326580954,77.23791665872615,3.2967055860362415
EGX-0220,26.85582524976231,26.290655374767244,Imperio Nuevo,"Bronce, Yeso",Jeroglífico,89.16924728242836,5.147066781022332,1.1766222088867346,59.77271194355056,75.90777291674739
EGX-0221,24.54858088780588,34.72248866257835,Imperio Medio,Caliza,Hierático,89.88887748066458,1.1660045080339136,0.7365427875063663,91.6632589516395,71.96274153684254
EGX-0222,22.95402670548881,29.445801543327335,Periodo Tardío,"Arenisca, Oro",Jeroglífico,53.10354743549988,3.300142500242225,4.559331509729564,61.120055100002105,41.92196846372733
EGX-0223,26.59840878477692,32.59111633755447,Imperio Medio,"Arenisca, Ladrillo",Copto,91.4064473433209,5.871809679165234,1.0663672470386572,97.58259169740305,10.38093890378855
EGX-0224,24.142687348624232,34.64152059950813,Primer Período Intermedio,Bronce,Hierático,92.77378156749025,7.318257536983845,1.0986381941916135,81.92063249525546,38.513667977964026
EGX-0225,22.920077777548045,31.90285995210182,Periodo Ptolemaico,"Caliza, Oro",Jeroglífico,86.7424137595867,1.5258703601385268,1.938951293036686,89.86936547569633,7.603579423683115
EGX-0226,31.445093058339673,27.671837450774664,Antiguo Reino,"Ladrillo, Granito",Griego,60.69157637764165,2.6790794671531923,0.3838615196562384,65.6863220118672,70.43018363065569
EGX-0227,22.429761964729344,34.52736044609585,Periodo Tardío,Oro,Cuneiforme,81.66045243139105,2.610513963305526,3.653032479187526,55.20194046813805,93.14368370793362
EGX-0228,25.454251523818947,33.066379601733814,Periodo Ptolemaico,"Granito, Ladrillo",Griego,93.29150336709296,9.499049323478312,0.15367388240935587,72.2769187336101,94.37388142513541
EGX-0229,26.579615258569053,30.753791501180356,Periodo Tardío,"Madera, Oro",Hierático,72.13443323945474,7.613442799990249,3.9073510814134327,60.547625444259644,83.23731547861996
EGX-0230,24.79982917014461,32.23739938298923,Periodo Romano,Arenisca,Copto,58.136499644474064,2.7596793957750223,2.393390574268517,58.89499914283415,9.403327275038054
EGX-0231,24.861022720077735,26.759523746970576,Primer Período Intermedio,"Madera, Adobe",Copto,83.51974345103606,5.497478261480605,0.9210001286488523,76.9842437659499,42.19427511667565
EGX-0232,28.152036268570768,27.80766809953293,Primer Período Intermedio,"Yeso, Oro",Jeroglífico,82.3620295964717,7.752038948077047,4.579070072757557,67.15975161564447,33.43174974468952
EGX-0233,27.06790307338424,34.29021387819702,Periodo Tardío,Ladrillo,Jeroglífico,94.94325328549111,2.0430139450243145,3.720795259692827,87.62144962117097,26.43749407528315
EGX-0234,22.363842954697255,35.14085725056525,Periodo Romano,Arenisca,Demótico,72.36682229378194,6.877649360482342,1.3268770646957777,52.67092567015341,20.144788947072424
EGX-0235,22.97230294877066,25.625018881037377,Periodo Romano,Caliza,Demótico,75.66842652054932,1.004913800663762,4.413604277476326,99.41124412704075,9.67068717499825
EGX-0236,27.986991454018714,31.254147849128664,Segundo Período Intermedio,Yeso,Copto,71.80267260028258,5.645006289723811,4.5675985287241145,87.30658230788711,1.7010722349932617
EGX-0237,30.096108509906998,28.728998353639554,Imperio Nuevo,"Adobe, Oro",Demótico,58.31969531047663,4.7387259791666665,3.0658254881634788,57.861863819325734,95.22261376072296
EGX-0238,25.480302074189616,34.1098600871766,Antiguo Reino,"Oro, Bronce",Griego,84.5693105020373,5.748181649034539,3.2920762117127245,57.58038431419985,52.29100145917507
EGX-0239,24.98170657365454,27.838876989907043,Segundo Período Intermedio,"Adobe, Bronce",Copto,70.48419161356394,9.664884371192807,1.8110703271011108,58.99551380307139,7.695271588428443
EGX-0240,30.131076736025413,29.26209424135234,Periodo Romano,Oro,Jeroglífico,96.07639112451733,8.606750341463107,2.011499249771612,59.47133517474748,55.5832547016461
EGX-0241,24.698051460700263,30.06058989362959,Antiguo Reino,"Granito, Arenisca",Hierático,96.36434704720403,2.577590915571491,2.8401766992245165,92.06866385973731,22.55112517267627
EGX-0242,29.402662174145696,34.55559204283548,Antiguo Reino,Granito,Copto,58.07363363023772,6.245956185042198,4.191895300778299,99.50128620378635,63.79119843924025
EGX-0243,28.277113377371553,27.62911911973483,Segundo Período Intermedio,"Adobe, Yeso",Griego,95.11638419477198,2.6554293823902415,2.223838575984922,77.55192323087759,63.767883459452165
EGX-0244,24.209276766380462,29.788869451973053,Primer Período Intermedio,"Yeso, Arenisca",Demótico,93.30141007634018,9.543145918925667,4.0228302803577956,92.78483258187329,52.735748122276426
EGX-0245,24.48115023992101,34.74706556645975,Imperio Nuevo,Adobe,Cuneiforme,52.00281762721121,2.6226592109572047,0.7188690583152663,99.82602871178457,58.46115041956459
EGX-0246,23.61930955851225,34.592862113331904,Imperio Nuevo,"Caliza, Yeso",Copto,68.39621505650112,4.6229904147115555,1.5066344731089338,78.82417815500845,74.7150765386177
EGX-0247,31.138512402052474,32.04335525630788,Periodo Ptolemaico,Madera,Griego,82.40696425192337,6.706983660598924,1.966581236470995,55.220264387678895,83.15069162943884
EGX-0248,23.529806477645774,26.355216961690278,Tercer Período Intermedio,"Yeso, Granito",Copto,82.93523782849633,3.279322857174886,0.08237776562648791,87.10079478160267,96.64673294073762
EGX-0249,23.817802468910358,27.81810873457113,Tercer Período Intermedio,Adobe,Griego,60.13864900375016,9.358476694688203,4.149560486765267,55.87579333510738,20.365670936680967
EGX-0250,24.976889614845767,25.829655894817808,Primer Período Intermedio,"Bronce, Ladrillo",Jeroglífico,65.03404657451031,9.86380452618711,0.14902157710823705,57.65641565925353,7.921733156240396
EGX-0251,27.47679939491224,33.58323599693958,Tercer Período Intermedio,"Caliza, Ladrillo",Demótico,65.13575532591722,6.853378651797269,0.5620414188574968,77.1475044477187,32.31900405441501
EGX-0252,26.112918016134486,29.356998951883124,Segundo Período Intermedio,"Granito, Ladrillo",Hierático,71.29125732626255,8.775463148242935,4.341755206622823,71.27994981723504,51.14826196474424
EGX-0253,27.606571292068114,27.171309352627603,Imperio Nuevo,"Oro, Adobe",Griego,70.96357172281259,3.9296656610584453,1.5609812655642648,63.80967394191006,98.196934635646
EGX-0254,24.35777981372543,26.349055921752978,Periodo Romano,"Caliza, Oro",Copto,96.38155134094924,7.851673020021469,3.064089308218198,85.0036957674883,1.334622313309719
EGX-0255,26.953692504589217,34.91430897966927,Tercer Período Intermedio,Ladrillo,Copto,92.36300542859325,4.669949494668952,1.7330032540445877,81.94430247732559,19.625789601621936
EGX-0256,29.037909512636872,29.05038788511439,Primer Período Intermedio,Madera,Jeroglífico,74.20847982249283,1.9901337426562666,1.1994990028193482,93.29557963986099,22.15228676808526
EGX-0257,25.74060258385025,27.863661386248985,Periodo Romano,"Yeso, Ladrillo",Hierático,64.17005133522389,3.294494383737129,2.453065167234321,86.99292859775156,12.384005299930323
EGX-0258,27.206531989110516,33.26660155912683,Tercer Período Intermedio,Madera,Griego,80.10246174724077,2.285958850576424,2.1791682947243034,92.67784483779397,48.430642204238296
EGX-0259,30.10030038484053,32.84014257291218,Periodo Ptolemaico,"Adobe, Arenisca",Cuneiforme,62.649679607021426,7.437513291399307,4.28027045229885,58.85068579965574,74.1692457683542
EGX-0260,22.409277132534385,35.39013563881996,Segundo Período Intermedio,Oro,Griego,54.91337267353907,8.558370847466225,1.7151493248650351,61.0880080052261,0.9420166150285625
EGX-0261,26.43343315441866,27.246154524239095,Segundo Período Intermedio,Adobe,Hierático,92.2859765228705,1.1148352431338209,3.6887019883309473,73.39005715714038,93.92834664951495
EGX-0262,27.093328025930187,32.779522111909564,Periodo Ptolemaico,Granito,Copto,64.99090808301074,7.239192375096185,3.427216819802174,67.45549728641474,16.191151348138767
EGX-0263,27.45582251179771,31.32981725303808,Periodo Romano,"Bronce, Adobe",Cuneiforme,57.80927918290196,1.177470518232052,4.290224368069644,70.19569788579494,93.98581764901556
EGX-0264,26.336882703498773,34.52217747195978,Tercer Período Intermedio,"Ladrillo, Granito",Cuneiforme,82.47170325190613,9.184523583917843,0.0823190250867939,90.4748578641468,79.76784927985076
EGX-0265,24.27364545635055,33.837286386106484,Primer Período Intermedio,"Adobe, Granito",Cuneiforme,90.37383177559079,8.95873319729266,0.2667487206920133,98.65081891436022,30.263597307799007
EGX-0266,28.447115420396955,30.272179536609052,Imperio Nuevo,Granito,Cuneiforme,81.24678301146014,4.937493751241875,3.828243847608797,50.682458922951014,38.98997109880672
EGX-0267,22.03897027700517,34.412019523199845,Tercer Período Intermedio,Madera,Demótico,82.23358638397491,3.8075119012297707,2.890949194738667,62.38356293231844,69.01027120722709
EGX-0268,23.981370452269676,32.859162599436644,Imperio Nuevo,Bronce,Jeroglífico,86.7109446428849,7.760563612146965,2.1816968187142645,63.971019568955015,64.7928293579205
EGX-0269,26.143999886606903,27.097343674905208,Segundo Período Intermedio,"Ladrillo, Oro",Cuneiforme,66.77591319535392,6.454364201789252,3.7126644559354824,83.60976237648194,6.527838042325495
EGX-0270,27.556541316986106,34.30351801765318,Periodo Ptolemaico,Adobe,Griego,63.40839919009843,2.4946077073473685,0.28313983485971417,62.184785064022606,60.694498629952
EGX-0271,27.5317140493936,35.94516307709992,Antiguo Reino,Bronce,Cuneiforme,68.97227909368145,8.924913603347136,1.3819490041495874,93.82550793382877,82.14450598131423
EGX-0272,31.37855213642178,27.908838807056938,Primer Período Intermedio,Madera,Griego,68.46633517358623,6.998110830839537,3.192906298415807,94.09327790294502,71.71880231802817
EGX-0273,27.41777048778669,29.08833630659149,Tercer Período Intermedio,Caliza,Demótico,97.85198260394928,6.555525464835449,4.674524403158145,85.89843547943258,65.36796036761784
EGX-0274,27.82978478950059,34.12985628401571,Imperio Nuevo,"Ladrillo, Madera",Demótico,73.69718490655109,5.12300950099894,3.869214728005406,63.326067531631665,39.19595907300988
EGX-0275,23.63046090788361,30.07281201264974,Imperio Medio,"Caliza, Granito",Hierático,55.384767877539176,6.829471967337876,2.8549258704334246,77.1575712949896,35.64164112722502
EGX-0276,29.313328455726193,31.226625619999474,Antiguo Reino,"Granito, Madera",Cuneiforme,87.03136956766576,7.212014535088141,2.1713827648429183,54.56614764882388,99.46957305783513
EGX-0277,25.017394678892483,30.46415707193959,Segundo Período Intermedio,Adobe,Copto,65.7170695056569,8.908230372809841,2.7346075073000486,53.247158193675475,86.26429442512907
EGX-0278,26.895685337741345,29.521270431419758,Segundo Período Intermedio,Yeso,Hierático,90.06784998715545,9.86417642906582,3.195362632445158,55.8815164314944,91.93630048077763
EGX-0279,26.026234286913322,34.18757606343621,Primer Período Intermedio,"Oro, Yeso",Cuneiforme,73.08834552261041,2.027495057041805,3.383701729272708,77.5782671499397,15.55021641351818
EGX-0280,30.79983328311023,25.82882545507665,Imperio Medio,"Yeso, Granito",Demótico,86.36088791936538,6.151637499671397,2.6345862722017284,89.8359244833888,60.83836496180452
EGX-0281,28.528417596823576,27.38297167880685,Antiguo Reino,"Madera, Yeso",Cuneiforme,71.44057149043834,1.100022590579099,1.0474126471856255,53.11549433646185,24.221002043777094
EGX-0282,30.645409790976984,33.1235029529851,Antiguo Reino,"Adobe, Madera",Hierático,82.35643235863546,1.1236583364654118,2.204982903449437,51.45721661139602,5.183602359528184
EGX-0283,30.186165055724636,34.87684178261806,Periodo Tardío,"Adobe, Granito",Cuneiforme,91.84141265375722,2.160547056409262,4.361623847241629,70.64425423417366,19.035058298752915
EGX-0284,28.467489258444147,30.497651920341035,Imperio Medio,Ladrillo,Cuneiforme,55.97027490777103,2.449783139355574,4.217495989841047,67.44198373125664,42.80946696871168
EGX-0285,26.499506019146274,27.320608509357136,Tercer Período Intermedio,"Oro, Ladrillo",Griego,87.59279659032929,7.856482336569897,1.4200158960198133,67.24515725905252,6.40423732228288
EGX-0286,29.950129160992763,35.30331199679637,Antiguo Reino,Caliza,Copto,76.89517950243365,5.617935311334202,3.968555128494055,98.37653454114874,67.25691678662959
EGX-0287,22.856176315008554,32.7306233383304,Segundo Período Intermedio,"Bronce, Oro",Cuneiforme,55.7865955010617,5.073816217590946,1.3668447822032297,79.48334942493116,78.54426693204879
EGX-0288,22.46728342388924,34.1995257843586,Imperio Nuevo,Madera,Cuneiforme,56.04925761424048,1.8141265249504677,1.5933631885485093,69.00172974063803,89.30001525900715
EGX-0289,25.108200061733,32.53275232930667,Primer Período Intermedio,Yeso,Hierático,56.5904914215222,8.685529568490118,3.8556943579757257,60.7063161628527,49.278308030228466
EGX-0290,24.93645722304719,31.295048100818008,Tercer Período Intermedio,"Arenisca, Bronce",Copto,96.7615675097656,4.191987309919823,0.7062069272992655,70.68331506778921,25.39822872838833
EGX-0291,27.66602205980065,27.135671984464786,Antiguo Reino,Ladrillo,Cuneiforme,55.92137775973379,7.106595643230444,1.977542652912836,89.71083093008846,98.13094366933892
EGX-0292,28.9842222004142,33.551391273209354,Periodo Ptolemaico,"Oro, Yeso",Copto,84.35399851910128,7.833067227596641,1.8454057674940894,90.81925453920556,41.38342176056027
EGX-0293,22.912954748219367,29.480656024852657,Imperio Nuevo,"Adobe, Oro",Cuneiforme,67.14422846651694,9.230989495634827,3.917995933103324,63.6380009619918,5.276685733551966
EGX-0294,23.841482155559678,26.175450798301647,Segundo Período Intermedio,"Adobe, Caliza",Jeroglífico,63.87178157447054,1.0422004752097742,3.8240687883456066,67.12705953308556,46.15083799742411
EGX-0295,27.970051235938833,25.366968515106127,Imperio Nuevo,Yeso,Hierático,51.66713026688898,2.7663736119333704,0.43444072897363406,96.29353500862925,19.571544938993256
EGX-0296,22.18369279805219,25.82473665027671,Periodo Romano,"Bronce, Adobe",Demótico,71.49115619516076,3.1697223242969788,2.48172326334658,67.61675557689976,17.0558127775033
EGX-0297,30.431283874929193,31.045122652139725,Primer Período Intermedio,Madera,Jeroglífico,82.70087000338778,4.174073720217322,0.47352565398291413,71.9326598500327,78.6128499254693
EGX-0298,27.599257812248513,28.853195319999227,Primer Período Intermedio,Madera,Demótico,82.92801873820022,3.9265721797202233,3.590545176897357,95.6338675203617,97.09851046096122
EGX-0299,26.559428872748626,33.63655789347945,Periodo Tardío,"Ladrillo, Granito",Cuneiforme,92.83943865454759,8.238494338040441,4.904499266873819,87.49900039882604,48.40425365403932
EGX-0300,23.242372354408314,31.155232189426265,Imperio Nuevo,Madera,Griego,64.19145625674247,9.466141122149837,2.6509034130568527,96.90914777739654,2.837604723387388
EGX-0301,25.033809288853924,28.283201944992186,Periodo Tardío,"Ladrillo, Madera",Jeroglífico,50.691497016119705,7.392755671887114,0.6633115852211574,87.68786815446313,94.25660262428664
EGX-0302,22.0674387589815,33.58664302141619,Periodo Tardío,Yeso,Cuneiforme,94.31277614467831,1.944715449581373,1.7884063671255557,74.61815493860506,18.848258380936212
EGX-0303,25.490729077866977,29.76470184655422,Periodo Tardío,"Caliza, Adobe",Griego,93.56406469903752,2.5918889454370553,3.003344078350925,91.05590686104233,92.67176753556973
EGX-0304,30.81075443807836,32.33730716904876,Tercer Período Intermedio,Oro,Hierático,78.19141639356718,9.417401261466305,4.683097496498831,74.67925376685034,48.569557127906634
EGX-0305,25.668165920021707,27.453396158298013,Periodo Ptolemaico,Arenisca,Demótico,78.65949533229346,7.183850159097585,4.399462911393811,66.53196391058219,92.10817998824602
EGX-0306,28.123445677777042,28.47531456286793,Periodo Ptolemaico,"Yeso, Bronce",Cuneiforme,81.44478289223248,7.151399852450264,4.243025641767369,80.7313548831685,89.26521697748905
EGX-0307,25.091962273660897,31.37758951703949,Antiguo Reino,"Adobe, Madera",Cuneiforme,75.4289947564126,2.4275465060594748,4.787238017362562,50.68556770497033,90.40232997675255
EGX-0308,28.29008236907113,35.85507921202048,Primer Período Intermedio,Bronce,Cuneiforme,95.69436566861569,4.008050569213708,3.502946754898517,91.26372715528217,88.13485415815934
EGX-0309,24.07042059349597,34.00889405401015,Imperio Nuevo,"Bronce, Yeso",Demótico,96.83561638650752,8.299348597471331,4.672320363346839,85.78542065367134,94.51286559231852
EGX-0310,27.239841208989564,33.83049276790441,Periodo Ptolemaico,Madera,Jeroglífico,89.56150737579146,9.523966291722045,2.531063536311899,84.78188778541042,83.0030738892195
EGX-0311,24.066836364789605,30.616040593392917,Imperio Medio,"Ladrillo, Madera",Cuneiforme,82.66534448941869,8.45589769399703,3.9909438239025925,56.20074189870997,56.73196762066287
EGX-0312,27.756502332116334,35.73282421428209,Periodo Ptolemaico,"Arenisca, Caliza",Hierático,79.56308363077926,6.9508943393747264,3.718525413382828,56.36794579791683,81.59249596449173
EGX-0313,26.08814782533983,35.619605499906775,Imperio Medio,Caliza,Griego,88.38161126995175,8.949525606289624,2.606753116134394,60.49272117353483,66.19753198556275
EGX-0314,22.61491850781987,27.69884039521206,Periodo Ptolemaico,Ladrillo,Griego,98.98831387405482,5.59226213057151,0.34117216487215773,83.49485633300868,62.098375908111905
EGX-0315,25.332967221791222,27.834420395817173,Tercer Período Intermedio,Bronce,Demótico,71.09999202436676,6.237942071088764,0.0868972132276985,71.59820687396493,22.777727426464146
EGX-0316,22.02340031949605,25.28458990230263,Periodo Romano,Arenisca,Hierático,71.07472096961061,1.0803831337200216,0.8816919152350366,93.66958797557722,26.642892690567997
EGX-0317,22.760095745166623,25.493896498310455,Tercer Período Intermedio,"Ladrillo, Adobe",Demótico,87.2774868399485,8.876280014967275,3.961480794355072,62.46109236019092,81.86200681651486
EGX-0318,27.913539492720513,31.999844342882213,Periodo Ptolemaico,Madera,Hierático,92.02764496043682,4.261998298178118,0.24162765215877458,73.31166682681697,96.2174660646724
EGX-0319,28.145282490890807,28.05777164484343,Imperio Medio,"Caliza, Oro",Copto,92.37451474130475,3.6021320201102416,4.263684367503272,56.909560911108734,98.20584749125487
EGX-0320,26.746359873033327,31.43683014277387,Periodo Tardío,Yeso,Jeroglífico,73.9166896499839,8.417023069570154,0.45011865805095086,51.114323692556916,12.422583532521102
EGX-0321,26.708497952714414,25.979571926521285,Antiguo Reino,"Adobe, Yeso",Hierático,61.56461015075338,8.930777498096639,1.9588838841162826,79.15614269449291,84.4239995982437
EGX-0322,27.0736207970575,29.623657798114646,Primer Período Intermedio,Arenisca,Demótico,85.45105439558961,5.74159582969588,2.542846932505798,85.33924276238244,23.51759370163893
EGX-0323,24.351505423741727,33.65043813392026,Periodo Romano,Granito,Demótico,96.74240544012352,8.479161046123345,1.739229909203956,61.07534685703341,61.25996520949764
EGX-0324,31.209973300726332,34.775895205801945,Imperio Medio,Granito,Jeroglífico,63.14513185169612,6.643269436558859,4.020270781510366,62.82517665977595,17.1181188209512
EGX-0325,29.55441872390201,35.16651368340575,Primer Período Intermedio,Caliza,Cuneiforme,63.75607573338671,4.338613546094406,0.09225332933887775,92.21811518489847,84.68442040156962
EGX-0326,30.88291908255551,32.40220496450013,Segundo Período Intermedio,"Yeso, Oro",Jeroglífico,82.73704156993301,4.17917604305236,3.666012600360486,61.352922856811155,9.45203054283892
EGX-0327,28.947984488949793,30.211311189947665,Imperio Medio,Ladrillo,Cuneiforme,86.71771098201705,5.875317705838299,0.3361469195465744,89.89798013499205,68.64995256263445
EGX-0328,28.33462813455267,30.321383175898806,Imperio Medio,Arenisca,Jeroglífico,66.45890147054926,1.2799377228109332,3.8049397778330114,57.56387794520514,56.62078384974697
EGX-0329,31.303675139903714,35.40803106149404,Imperio Nuevo,"Yeso, Caliza",Demótico,95.53341158367854,2.8293526932908843,0.47707106661247,66.00885717647537,36.14537255212701
EGX-0330,28.611397107898043,25.45392982670993,Antiguo Reino,"Granito, Bronce",Copto,55.03815909108119,3.4428505481170193,2.576150700075599,77.82282427386605,9.557718263420679
EGX-0331,25.87289443351751,25.500359472281495,Tercer Período Intermedio,"Ladrillo, Bronce",Demótico,73.61116452474802,9.434857848153767,2.7678923555564197,76.32059795823757,79.6569550191789
EGX-0332,26.232799811527723,35.01961910896294,Primer Período Intermedio,"Yeso, Ladrillo",Cuneiforme,53.69649105645241,2.616248155748889,1.2638137406276835,90.01084285399067,25.05298584982496
EGX-0333,30.579055257229548,26.552031785757976,Imperio Nuevo,Bronce,Demótico,92.66628425934186,2.877432123257639,0.6626476348021926,67.00689484752249,96.11025596515759
EGX-0334,26.03811022290009,26.522797481357472,Tercer Período Intermedio,"Oro, Yeso",Jeroglífico,51.43536684878274,1.5375984908710039,0.5869990321646285,64.85932621066115,36.04022352004883
EGX-0335,31.068732095439213,28.55308282741237,Periodo Ptolemaico,"Adobe, Yeso",Griego,70.77588041157846,9.062937604700899,0.69854601513481,80.90425109874288,30.766307729271237
EGX-0336,30.05296562102675,25.08644337195642,Periodo Ptolemaico,Yeso,Demótico,69.3837071096048,3.992494451498119,1.3515401641394091,82.01628798279322,85.45647959677018
EGX-0337,22.188947032430793,35.15343902761316,Antiguo Reino,Ladrillo,Jeroglífico,66.6706783050166,9.084215116887458,1.740933220864898,77.08527929152226,95.95531720157089
EGX-0338,27.295510972950265,33.44741075837365,Segundo Período Intermedio,Caliza,Hierático,50.65298645976099,4.239604394424032,0.8794313308140544,97.27739868074414,2.8175189614193075
EGX-0339,27.42994079895948,27.484070364606325,Periodo Tardío,"Adobe, Oro",Griego,59.68022967920237,6.101298088640802,2.629281974309662,55.487977314242784,90.3670534735733
EGX-0340,23.646240502053274,26.19557857107996,Antiguo Reino,Arenisca,Demótico,92.50053825890407,5.048264590504282,1.6858069501829083,68.13332612850508,83.26379790706515
EGX-0341,29.582827719224642,31.74038319249238,Periodo Romano,Yeso,Griego,72.87335143046755,6.513324022704978,1.2065464528945158,87.61657610766987,35.589135152691156
EGX-0342,27.167532842650996,25.996936043456017,Primer Período Intermedio,"Caliza, Arenisca",Cuneiforme,72.04284766474964,4.689260458009379,2.8208713141620763,99.22710124517565,2.468391041045337
EGX-0343,26.843157905123064,33.3789850462737,Imperio Medio,"Caliza, Bronce",Griego,69.98152170955039,6.181516347470625,2.849915428521906,76.10211032294933,5.621819488562418
EGX-0344,22.432708210259374,33.42118188982343,Imperio Medio,Caliza,Demótico,91.87527623234337,3.9259740799206835,0.3852616823594618,81.61167464645857,7.325404748078057
EGX-0345,22.716400204117413,34.09030496051252,Periodo Tardío,Granito,Demótico,73.78886382342523,8.84635870160419,2.470520320389094,54.01494536368174,28.66160384268307
EGX-0346,30.1676760151732,29.697856106197186,Imperio Nuevo,"Caliza, Arenisca",Cuneiforme,56.094194818903546,4.259245628569293,0.6474952382952454,59.811669496997126,47.51381437380715
EGX-0347,26.45700340934343,34.61617439441978,Periodo Romano,"Granito, Bronce",Demótico,71.37609964678556,6.176582440340451,0.7741658906241988,51.09224212043137,43.06268749460506
EGX-0348,29.302266555681324,29.03477224445262,Tercer Período Intermedio,Granito,Griego,60.79887192636706,4.535447715346463,2.9017792149435238,87.84056533893656,16.317679316248668
EGX-0349,27.400765844420796,29.74578920461383,Primer Período Intermedio,Arenisca,Demótico,69.8238404120014,4.666022346902231,2.458267110190926,93.41821369845809,33.268546360940896
EGX-0350,25.50934322934264,32.950315638573485,Segundo Período Intermedio,Granito,Hierático,59.22380072063237,4.476008334610023,0.8534268880292739,64.18313435672295,92.95748674852696
EGX-0351,29.258733511149313,27.01891527466241,Antiguo Reino,Caliza,Cuneiforme,52.849522574030225,2.715283683320426,3.665545663693633,51.187409527266276,49.307784702506595
EGX-0352,22.83116267970863,28.491439283522134,Imperio Medio,"Oro, Adobe",Griego,91.12879792993076,6.258706412648537,2.0061867803851774,66.19851154262632,23.44127497905624
EGX-0353,25.89595126772835,29.855254530707704,Tercer Período Intermedio,Madera,Demótico,67.87192136858619,4.875996017363662,1.8692105878450156,91.51097161674284,26.865600375631914
EGX-0354,31.342208632121725,25.97401686688458,Primer Período Intermedio,"Oro, Granito",Hierático,65.04231125661285,3.785586998198857,3.8238125440716093,98.57953257270975,94.96804709628017
EGX-0355,22.237665266230774,33.849417376548956,Segundo Período Intermedio,Oro,Jeroglífico,55.849719796120866,7.038590876642869,2.6614504322532992,57.97842023639649,49.78793939508223
EGX-0356,31.225632797073814,31.70957368299788,Segundo Período Intermedio,"Adobe, Madera",Cuneiforme,57.17303604748655,5.266219768798536,0.31656436920976583,98.68884624226578,71.88739596250471
EGX-0357,29.74162820122042,33.46141981451952,Imperio Nuevo,Bronce,Hierático,90.17181571426413,7.019564009177518,4.644571142576491,60.50953958769879,22.147200210948657
EGX-0358,28.456329666827493,27.331735925174243,Periodo Tardío,Arenisca,Hierático,89.52569313919733,8.322424201492645,3.369841483484412,88.84342594595023,28.120696043900374
EGX-0359,22.974034270080264,32.068474915325694,Imperio Nuevo,"Madera, Yeso",Cuneiforme,88.42894507443903,8.835287410481033,1.930552675740798,71.85257146454742,72.89550779968992
EGX-0360,25.192371125112174,25.82137682275078,Imperio Nuevo,Yeso,Copto,91.94347545513884,2.0012218208124923,4.7282197645060355,78.84702680923631,26.355958524535527
EGX-0361,29.853345626318244,27.000176176420943,Periodo Romano,"Bronce, Arenisca",Jeroglífico,51.851734108354954,9.077885721595862,4.532984832244555,68.0498560315211,92.99856177012785
EGX-0362,25.449077475817774,29.272740704427555,Imperio Nuevo,Madera,Jeroglífico,95.44059141285948,2.2840412997349104,1.0326975955350677,78.41809583521623,32.74974047510176
EGX-0363,23.79874819425526,25.295207611109465,Imperio Medio,"Adobe, Arenisca",Cuneiforme,75.34543517506083,6.191221979798356,1.1548468830626535,90.75760743504168,44.71629574589284
EGX-0364,26.87283217204527,26.683013695386794,Periodo Tardío,"Bronce, Caliza",Jeroglífico,58.21639851712477,1.9353382680322162,2.1009815247014583,75.33923564546883,75.38512627970528
EGX-0365,26.16174873992796,35.05512445736358,Imperio Medio,Ladrillo,Copto,94.20792868483781,8.492897905520167,4.29368541005769,93.96838550486049,77.02593219097858
EGX-0366,27.450904177145645,27.07445475772033,Segundo Período Intermedio,Caliza,Griego,51.25053286591597,6.914106535136889,4.788051638245742,73.01218872742074,72.23390084559021
EGX-0367,23.126575377437852,30.428705256250584,Periodo Romano,"Ladrillo, Caliza",Griego,85.07688632586985,4.7177995500664025,3.703820957092791,75.36937826231551,60.39391264640119
EGX-0368,24.723640824227616,29.01216406921087,Periodo Ptolemaico,Oro,Griego,82.31248177427214,2.228552419821929,0.6083858225757949,99.95336281388921,13.948719300400258
EGX-0369,24.011242774578832,34.03425565347759,Segundo Período Intermedio,"Madera, Adobe",Hierático,72.0497991871141,2.4789079344045337,4.350914966118963,85.70060880033265,87.68282931250775
EGX-0370,26.915420263691622,29.39619135536015,Imperio Medio,Caliza,Hierático,62.66574976955846,1.0319559782927912,1.4708990908852688,54.07367076685118,34.561020991424584
EGX-0371,29.498729776883938,35.06669812616967,Antiguo Reino,"Bronce, Ladrillo",Cuneiforme,63.366888287945834,6.174133953267169,2.131184371037693,73.02884132720953,86.18264360524702
EGX-0372,29.717560929493022,29.164372222295796,Periodo Ptolemaico,"Bronce, Granito",Griego,74.03277761639796,8.801671077215733,4.936506391083684,92.5518592095519,84.12248166753996
EGX-0373,23.293462235938595,33.464564211108936,Segundo Período Intermedio,Caliza,Demótico,56.78925889177185,2.827035936100164,3.3725646834945504,54.18647014154842,67.47253257451929
EGX-0374,23.858055579413115,35.809578890235585,Periodo Romano,Adobe,Demótico,91.27418181643301,3.4486862115293055,4.239409784388354,76.36896127949566,12.419543883729133
EGX-0375,29.05527652248658,26.043075652630723,Segundo Período Intermedio,Granito,Hierático,63.94139512098222,7.400509626518216,4.082817436815746,55.46545918030801,15.115410681280473
EGX-0376,28.760162359408927,28.665613108103617,Antiguo Reino,Yeso,Hierático,71.94089782883474,4.918487052376365,3.2492396615118384,80.89742322227316,57.079506013508684
EGX-0377,29.79089566838912,31.29525298119104,Segundo Período Intermedio,"Oro, Ladrillo",Jeroglífico,53.863500983298145,9.40952580846345,1.4260247345131716,81.1697529340957,88.44022749468905
EGX-0378,30.192206700641048,35.97944973049212,Imperio Medio,"Ladrillo, Arenisca",Cuneiforme,84.458270234103,1.53151370228423,3.2844419893777808,80.69100093390836,64.45752532628217
EGX-0379,30.801294291828086,30.347902269903013,Imperio Nuevo,"Arenisca, Caliza",Griego,86.34254418731814,2.381551576182477,2.827096555773943,56.955027635631296,29.847239824828996
EGX-0380,22.76387395545448,34.617301734054166,Imperio Medio,Caliza,Demótico,69.6580303472071,6.428664732670545,0.7303662323858529,94.74925942273165,75.76840370228457
EGX-0381,29.328823353604527,33.87062306784597,Periodo Tardío,"Adobe, Caliza",Copto,83.51497239431414,9.497160224164256,4.000737350823872,95.00104914401251,59.51837535975301
EGX-0382,31.48582038112317,27.28797534969605,Imperio Nuevo,Yeso,Griego,62.23226677716909,4.563448928016024,0.06782290706343563,76.2555704229849,37.35410461229149
EGX-0383,26.757797389789406,35.82474720672046,Tercer Período Intermedio,"Bronce, Arenisca",Hierático,68.35299327380052,4.918629032605428,1.3354019191521471,81.9874079664578,48.256401069379294
EGX-0384,23.801254798751316,32.513369802350255,Segundo Período Intermedio,"Oro, Madera",Demótico,69.67444804238713,5.2201806875634995,3.819774112041964,60.145315598089034,59.8465759378067
EGX-0385,24.0731336376696,35.958930375996,Imperio Nuevo,"Caliza, Bronce",Hierático,87.11598689161531,4.9547993264537915,2.8337921080954347,78.06292945408146,11.667298283665673
EGX-0386,30.473750707775046,26.894729496309886,Imperio Medio,"Adobe, Granito",Demótico,65.52804944011636,9.115524618588697,4.1210683564680375,92.2085400023555,48.66541473601719
EGX-0387,23.823186227749805,33.961417581623955,Segundo Período Intermedio,"Caliza, Adobe",Cuneiforme,59.13210903314858,3.156725043539079,1.6976820563000983,85.07532635494898,38.54889058606567
EGX-0388,22.229119665721775,35.844291992394325,Periodo Romano,Yeso,Hierático,51.97771704268719,3.372493710475443,0.7966263409887203,74.29190587371072,96.13748903992312
EGX-0389,26.228649890308944,32.392308550790304,Imperio Medio,Arenisca,Griego,54.00176701710683,3.6677562991461086,3.286353977336785,59.70566102772233,54.84636466556665
EGX-0390,27.21496564972765,31.768572979962446,Primer Período Intermedio,"Bronce, Ladrillo",Griego,96.46666416096252,5.924345696946881,1.4675719556571472,84.14471639453984,76.91133151058534
EGX-0391,30.800715730137895,30.262055600552994,Imperio Nuevo,Bronce,Jeroglífico,77.07284558894216,9.276104718567757,1.0585438343798743,58.404363472178034,65.23739335185564
EGX-0392,24.18755782371521,29.761609138766932,Periodo Tardío,"Arenisca, Caliza",Cuneiforme,69.67340488707146,9.36579476263452,3.6129477113789683,90.1865146802784,93.72756105382219
EGX-0393,26.1722453557474,27.22102632144228,Periodo Tardío,Madera,Jeroglífico,53.98771438662205,1.9447267195863862,0.18473314873199587,93.50946342931623,21.78099091872001
EGX-0394,23.385748094310078,33.65994036320097,Imperio Medio,Madera,Hierático,64.43404584417648,6.118216266887978,2.8721171341801846,97.2507402911715,75.90492246830591
EGX-0395,22.014175092514073,34.08331727397352,Primer Período Intermedio,"Granito, Madera",Demótico,98.32072386124217,2.9044221746696506,3.304159351569711,65.83967164925554,61.31396327633246
EGX-0396,29.149763235275067,34.40370393328119,Segundo Período Intermedio,Ladrillo,Griego,89.93567937424646,3.1068603060618036,0.693461311869526,78.30548940550203,50.76699636251227
EGX-0397,30.19520528420717,26.130386552636097,Periodo Romano,Oro,Griego,87.12813568120974,5.604379412342479,0.9439058907720793,70.56704758622645,2.151203693994874
EGX-0398,30.944807370553825,25.92671558761389,Imperio Medio,Arenisca,Hierático,73.0583121164254,9.205832735133944,0.9375099356994715,57.549006942540444,31.818560776728233
EGX-0399,27.37600380218081,30.390160934462102,Primer Período Intermedio,"Yeso, Oro",Hierático,58.14624669654546,8.351619228106731,0.16149318662223688,52.522085773160924,72.43322068622933
EGX-0400,31.053918381012874,31.793896651261427,Periodo Tardío,Yeso,Jeroglífico,56.61197903746501,4.299555062704091,3.6954018799794994,66.97910712311553,87.21730825154171
EGX-0401,23.40575483424677,32.87753484980467,Periodo Ptolemaico,"Adobe, Bronce",Hierático,62.78465865303146,3.481591813018014,2.7625548446570325,90.35490595909573,64.07232073285152
EGX-0402,24.10498027967407,34.04101069931683,Periodo Romano,"Bronce, Granito",Copto,82.12941695525302,3.803429944244513,0.34049026834434226,81.0974483666312,59.82293083575265
EGX-0403,22.79563790552502,26.676366114071097,Periodo Tardío,"Bronce, Ladrillo",Cuneiforme,81.35174184976839,1.4987669888102246,2.27734492586833,89.21633612515899,28.810242233516515
EGX-0404,27.692447329181764,26.443128703559843,Periodo Ptolemaico,"Oro, Yeso",Griego,92.64380273823608,6.746529785388241,4.490671601440808,69.4558895108528,8.514049465122287
EGX-0405,24.626894254105036,33.539305595423635,Antiguo Reino,Bronce,Hierático,88.64788002228136,2.2733923296987757,3.062084072295259,86.26520764714707,54.96632722448337
EGX-0406,30.145068291637905,26.794429267216998,Periodo Ptolemaico,"Bronce, Madera",Cuneiforme,94.95023588299397,1.0068698865089745,2.202996166438309,94.62894186943088,80.35643246036737
EGX-0407,23.019367824395985,29.64195181336113,Periodo Romano,"Caliza, Oro",Griego,86.64609892620311,5.623542059307235,3.7043013344548035,73.59713140782559,62.345611383093335
EGX-0408,29.58542883275996,33.79339616717186,Imperio Nuevo,"Bronce, Arenisca",Jeroglífico,59.27398485030908,1.5166666507720996,1.1510437838001208,55.213772540770655,53.758862578411815
EGX-0409,26.773003737083954,31.653106147333546,Imperio Medio,Oro,Copto,59.994168496420436,8.915881980386564,2.138808100254273,55.746232414096426,13.895604574337773
EGX-0410,28.02499304956136,35.57630121924832,Periodo Tardío,Caliza,Demótico,56.81887962962872,3.1790923237223896,3.695928195005227,75.20988527561765,84.30981103575418
EGX-0411,25.802192865475792,25.144767399839857,Periodo Romano,Ladrillo,Demótico,87.25817762994723,6.160066824939501,2.515942405494936,90.52490407520176,38.514070805784414
EGX-0412,27.01344521771975,29.939490389093475,Antiguo Reino,"Madera, Bronce",Cuneiforme,96.20482729057692,8.858671164860569,2.56804915731545,51.230810590354864,58.48547655175409
EGX-0413,23.260889160712768,33.3364450575756,Tercer Período Intermedio,"Granito, Madera",Copto,98.2657413148472,4.9036008495164864,4.4943489558837,97.61432797485068,42.91488250158682
EGX-0414,26.845150539148307,28.348836284704095,Antiguo Reino,Caliza,Copto,77.34024902845874,2.5269050697684152,1.9870074087924883,83.24753526685078,81.36103472841299
EGX-0415,25.44873497451727,35.819482029258495,Segundo Período Intermedio,"Yeso, Oro",Copto,92.43589669404383,8.109868529981133,4.3711141188275935,88.37264832945519,94.29423617422307
EGX-0416,25.895083527782013,28.38722580988147,Imperio Medio,Yeso,Jeroglífico,53.15072072746733,4.288669521762436,1.1048322957157486,73.52332090558319,7.565949471887102
EGX-0417,25.98864052706158,26.04402152555259,Periodo Romano,"Adobe, Bronce",Demótico,92.2095836570573,1.2001469268989706,1.5058109529274128,63.71272884673891,33.7795558234221
EGX-0418,30.227876516622118,29.245387179205835,Segundo Período Intermedio,"Ladrillo, Granito",Hierático,59.737794981652904,1.169759071980443,4.890224617747042,63.33276749007924,93.46400019470627
EGX-0419,24.518893532433804,28.676050334328686,Periodo Ptolemaico,"Oro, Arenisca",Hierático,84.2076718209766,8.930824265974026,3.189053405029443,90.4806815826918,59.39167458508544
EGX-0420,23.921657987477133,34.476645432452685,Imperio Nuevo,"Yeso, Ladrillo",Jeroglífico,93.6077734063181,5.794948171253136,2.201044673665079,65.96770352935543,15.195904842432773
EGX-0421,26.678938436583216,34.07641469437719,Imperio Medio,Yeso,Demótico,57.913027177041634,3.640873127817172,2.701791435382342,74.19264764260548,87.22552042550106
EGX-0422,22.31355089663981,34.83487272609554,Antiguo Reino,"Madera, Yeso",Cuneiforme,66.581133237979,7.248168899742224,0.5270673337564913,82.23894938475817,74.22774492660734
EGX-0423,24.62676508700063,30.22778323007484,Primer Período Intermedio,"Oro, Caliza",Demótico,75.10573974785903,2.588680373160124,2.2465547002521924,78.35636065616576,46.24299976175064
EGX-0424,27.91151498998029,34.268890114309244,Segundo Período Intermedio,Caliza,Cuneiforme,50.41019949672853,1.7417724015386384,0.6315997655236727,89.93093656469073,9.96389675393482
EGX-0425,28.226898652849755,32.441697030000974,Primer Período Intermedio,Madera,Copto,60.608363804601524,3.37510484543027,2.8672359981220246,77.83460077994158,11.772193680551968
EGX-0426,23.364764290863963,35.35812532105484,Imperio Medio,Madera,Jeroglífico,83.11342714474722,3.0344053682383523,0.8626551638742835,82.67747296477025,81.27464584595907
EGX-0427,22.001905203522732,27.407854257666592,Primer Período Intermedio,"Oro, Caliza",Jeroglífico,96.42059801468749,5.837861253089731,4.111592393279344,53.50721365222411,85.51300968496498
EGX-0428,24.021271855518215,33.99872665432276,Antiguo Reino,Arenisca,Griego,78.69339022404858,3.092175218842793,4.414064789519492,77.20851971320266,64.10129866729375
EGX-0429,24.82216341330663,26.94881777520215,Tercer Período Intermedio,Madera,Griego,82.29033383282594,7.569648014909815,0.1198513826522779,85.21803786764681,87.51015564319331
EGX-0430,29.19354321950381,35.44831333697583,Antiguo Reino,"Arenisca, Caliza",Copto,84.12626026293037,8.189555526494111,0.5928051981882482,88.47861335773109,11.03263606632371
EGX-0431,30.16724919128155,30.037359458439607,Tercer Período Intermedio,"Yeso, Granito",Jeroglífico,77.99767278844162,3.057547372382553,1.9830464946199773,97.27921527409535,93.08793293130596
EGX-0432,28.68905207854501,33.07906600489987,Antiguo Reino,Yeso,Jeroglífico,73.30529242082164,5.090295495717971,1.4271921145150623,88.35310399270644,0.11483181555118627
EGX-0433,25.980667072690846,34.01894031900715,Periodo Romano,Madera,Hierático,85.43799984257186,1.4768775308362572,1.9691053272443941,79.38869057138288,3.1256066569750995
EGX-0434,24.277811953628113,34.92016728348279,Segundo Período Intermedio,Granito,Hierático,56.040093731687115,6.371311640161391,3.558489237712954,93.19153392062236,83.0318228226965
EGX-0435,31.287568046226326,35.95960425408431,Periodo Romano,Adobe,Jeroglífico,56.65155555506841,7.460000660897202,1.176837011831458,71.14658186479191,64.63602373617829
EGX-0436,27.969858934724577,34.106925797045754,Periodo Romano,"Madera, Arenisca",Cuneiforme,82.10576833524502,5.033262022081996,2.274930685592001,69.9159831715472,98.069776992336
EGX-0437,30.789558915684324,33.1450519582275,Imperio Medio,"Granito, Madera",Copto,78.93715294585206,8.929376833180216,3.03866097294248,50.12263427350093,36.876544931091736
EGX-0438,31.36038304129204,32.798436010450445,Tercer Período Intermedio,"Granito, Arenisca",Jeroglífico,84.34539676740455,1.4352817511090956,1.350300981618816,65.69515546501049,41.53915707607935
EGX-0439,27.091859419304303,32.24205493284522,Periodo Tardío,Adobe,Jeroglífico,96.64957262931966,2.3209379879147125,2.547734808471155,53.46990817495646,1.5139968957296968
EGX-0440,29.97948749107884,30.37400822695066,Periodo Tardío,"Granito, Arenisca",Griego,97.60888981166565,3.977569352103387,0.4067730188306923,55.30886175658344,48.45701561350364
EGX-0441,28.949522018069185,32.290093313733124,Antiguo Reino,"Oro, Yeso",Cuneiforme,82.22154403967772,9.579744567179727,0.3625743376708829,99.4127986502033,99.65159129828722
EGX-0442,27.870888691058656,28.191660941892362,Periodo Tardío,Caliza,Hierático,51.024759397642434,7.765584253164941,1.4629715141210768,64.75734080862188,84.20090147224587
EGX-0443,22.921708838453533,35.71031641679642,Segundo Período Intermedio,Adobe,Griego,50.86732675623535,2.9616147257225145,0.35281985577530983,90.24912197549008,38.163448078966624
EGX-0444,22.503381350267524,32.818141955481494,Periodo Ptolemaico,"Adobe, Bronce",Cuneiforme,80.91874586199043,2.904805789292411,3.1267734336396606,62.5422029247358,61.584092186265195
EGX-0445,23.23856354770349,25.927739778504353,Primer Período Intermedio,Granito,Copto,60.616756357739035,8.299079456756932,1.2730023166081312,64.94402588943836,12.103324761608182
EGX-0446,30.28555625611431,34.8003237340499,Primer Período Intermedio,Adobe,Griego,86.18923489152445,5.87669687101118,0.7967653046535628,79.56627865002433,10.124068632365358
EGX-0447,24.39164362010635,29.494755643903886,Segundo Período Intermedio,"Yeso, Madera",Griego,83.90293021690535,7.780367036196083,2.7419748869686797,70.8470056479205,21.621880168017206
EGX-0448,26.159022076858026,34.76189538673715,Periodo Romano,Madera,Copto,55.70112637027606,3.4328684742478943,4.5139225843233,87.6877014172581,76.23878615777126
EGX-0449,27.646637577755392,34.61707326794509,Segundo Período Intermedio,"Granito, Adobe",Copto,52.023829941167264,8.207953869012469,1.914212372199426,73.57811428415883,93.51075309910854
EGX-0450,28.195892339419828,35.057292407451186,Periodo Romano,Bronce,Griego,93.75903266087549,5.200823254769969,1.4746622185689313,92.26177098377504,77.90137854277849
EGX-0451,25.008377761876435,26.259279045235388,Primer Período Intermedio,Adobe,Demótico,72.67369007454508,7.9466460353306285,2.6316367413160036,76.97223691853063,38.197105965374035
EGX-0452,22.865212547520223,28.678617965131092,Segundo Período Intermedio,Granito,Copto,91.051437466112,7.527700992603759,2.006437772210521,90.95544656868705,45.2961754362171
EGX-0453,25.982017725234105,25.974539507744122,Primer Período Intermedio,Caliza,Cuneiforme,89.7705191893071,6.001919451377633,3.4942588567860566,90.36161218416638,65.54682232732137
EGX-0454,29.093095053009414,32.006992553318874,Antiguo Reino,Bronce,Demótico,96.33203728374548,4.037511619127546,1.800582900696217,86.96646837320675,68.43584833071658
EGX-0455,28.43845799892038,30.030035998879242,Tercer Período Intermedio,Granito,Griego,91.85095477469346,7.498256673995301,0.20633027893602274,62.70035938494211,0.8688070733800846
EGX-0456,27.053848747974907,32.41237777750831,Periodo Romano,"Ladrillo, Yeso",Griego,60.404775438517035,9.62809690534282,0.8079000461586394,78.48156229751407,58.78823348664667
EGX-0457,23.275476955280112,31.419500755945204,Segundo Período Intermedio,"Arenisca, Granito",Demótico,56.65709092140101,7.213975788482333,3.692256743723581,68.7686894956084,46.00380221566539
EGX-0458,22.009806712337305,28.246604364190517,Imperio Nuevo,"Yeso, Arenisca",Cuneiforme,50.0978830160952,1.4786594908893727,4.6166222109790045,89.15799042384245,35.06851402602385
EGX-0459,23.053702388327547,30.674661242075267,Periodo Romano,Madera,Cuneiforme,88.18682738961695,3.779536567397452,1.2720148064271986,88.54627970196523,8.41116375790465
EGX-0460,31.077512103842835,25.881650149094316,Periodo Romano,Yeso,Demótico,90.75492495530085,7.756725824310999,0.776583002876739,53.057821614431916,25.44717345763967
EGX-0461,29.603668156502245,31.448013722560486,Imperio Nuevo,"Ladrillo, Caliza",Hierático,58.42480908572211,6.944653748099752,0.6172672215261515,87.22103323284719,66.54357879544015
EGX-0462,30.308871725666794,33.117872386817034,Primer Período Intermedio,"Caliza, Bronce",Griego,92.32328845651543,9.084930843651678,0.6335977631498135,54.825049026832005,20.407564276122038
EGX-0463,31.497287153193327,31.30869014382246,Tercer Período Intermedio,"Arenisca, Caliza",Jeroglífico,98.20896916009735,4.519654200342506,4.182040682653422,57.87169675722516,64.2575438902255
EGX-0464,24.23525722753766,34.97191622731485,Periodo Romano,Oro,Jeroglífico,97.18675542455466,9.085783754479987,3.9318907910491863,89.81100642717458,11.811856049109126
EGX-0465,30.068322648693268,27.061628481411613,Periodo Ptolemaico,"Granito, Arenisca",Cuneiforme,56.506999193936146,3.3375010408950008,0.21944573657025346,58.587638192676735,10.535019337093166
EGX-0466,24.587379151657977,28.429268350757745,Imperio Nuevo,"Granito, Oro",Jeroglífico,90.5480502873603,2.7287487693186097,0.6145410593876577,57.47018186126175,93.62751639644583
EGX-0467,25.37629548967545,28.165630009519287,Segundo Período Intermedio,Bronce,Copto,88.89020158880368,8.161863232797213,2.6934556889395562,99.44139919207629,13.104887128463549
EGX-0468,29.5995215109598,32.53372265079099,Periodo Romano,Granito,Cuneiforme,98.76818286974037,4.670954490003238,1.0842800705363493,63.808989968458015,77.5573244543102
EGX-0469,27.04143291100249,27.254487830502132,Primer Período Intermedio,"Yeso, Oro",Hierático,70.99943356694827,3.739976275838706,3.6120670846269403,83.3364377627993,34.488311345529645
EGX-0470,30.246541653680815,34.96560095751262,Primer Período Intermedio,"Ladrillo, Oro",Jeroglífico,88.42262796943228,4.487212483856743,0.6364207431604052,65.94173112864742,42.68019434805284
EGX-0471,23.382043705394032,29.260979561030403,Segundo Período Intermedio,Yeso,Cuneiforme,61.637076943367944,6.578663368699362,4.6145338369310105,71.29563201155999,17.960890605487112
EGX-0472,23.359094778476603,25.330617587130103,Periodo Tardío,"Caliza, Madera",Copto,80.43767306936297,3.8585957456579707,4.370533807824488,68.01940665866337,2.2043253949684094
EGX-0473,23.297401723621455,31.472099077728856,Segundo Período Intermedio,"Bronce, Yeso",Copto,53.64693079965697,2.7745563967499756,1.3893697821957502,90.10824704285778,76.65261315859286
EGX-0474,30.288859426394424,28.426673978182418,Segundo Período Intermedio,"Ladrillo, Bronce",Cuneiforme,84.34288084298706,2.180522145165968,3.6123390180679116,83.60572893605712,47.33512050113631
EGX-0475,30.283845787120164,31.76322579833182,Segundo Período Intermedio,Caliza,Griego,96.95341360038138,8.708434016871836,2.555311009979113,51.83344643140905,94.19571907868858
EGX-0476,22.06406631376115,29.411275458938366,Periodo Ptolemaico,"Madera, Caliza",Jeroglífico,60.60083689003547,5.3639026524432705,3.220730685717311,75.07645921458811,90.71145995476564
EGX-0477,22.790441049945915,25.18025210119123,Imperio Medio,Ladrillo,Griego,93.82060063062659,1.946349657130599,4.257353890698797,86.36075590271817,60.1210787314461
EGX-0478,28.87191360247848,35.52983425769238,Imperio Nuevo,"Arenisca, Adobe",Hierático,58.45987330159493,6.506983083851323,1.8357601506238064,86.93030736002893,87.34231405664181
EGX-0479,22.49636294869604,26.637419321400863,Segundo Período Intermedio,"Ladrillo, Granito",Cuneiforme,85.95843733040843,3.8230621799969313,3.6343708862070967,91.9232863643637,84.14702143167335
EGX-0480,23.970739643287644,35.933339383015074,Periodo Romano,"Madera, Granito",Jeroglífico,98.38385554125907,2.02550665036331,4.9461139451280935,69.20097338563588,25.101340379382442
EGX-0481,26.22698708449697,29.383507318306677,Primer Período Intermedio,Caliza,Copto,85.9790847698106,8.829544451889168,0.5298266435576038,98.89227601770969,79.67816947677008
EGX-0482,23.116975536553134,27.707210421391583,Antiguo Reino,Arenisca,Cuneiforme,98.69689182492255,8.5229303420555,4.510083299676861,77.83554674137943,34.451752322875194
EGX-0483,25.786916152054353,31.491490261472073,Periodo Romano,"Madera, Yeso",Copto,82.71878293557708,8.208373898480684,1.3886406611898612,71.38319438564527,64.51811113331546
EGX-0484,24.77331766579998,26.152669558043492,Antiguo Reino,Bronce,Cuneiforme,68.54837765792672,6.927842266783608,0.44642400449158404,62.65507563920566,27.603476056711006
EGX-0485,28.744187156612767,25.40705528712921,Imperio Medio,"Madera, Granito",Cuneiforme,66.90464920044731,2.213820724956426,1.2957781075640358,54.57601701837224,38.62361532917148
EGX-0486,30.025386709847233,26.418228138681112,Antiguo Reino,"Madera, Bronce",Cuneiforme,86.97999483036907,6.5950135887309775,2.0391762071296773,96.49018967885695,45.56465296023225
EGX-0487,24.532627130670758,34.37119301865903,Segundo Período Intermedio,"Caliza, Granito",Demótico,55.782696878333475,7.259940021539357,0.7960813689372165,98.4191978319674,57.04735162515223
EGX-0488,31.22442466427885,29.528383647707887,Periodo Ptolemaico,Arenisca,Copto,92.10738962766271,5.936320924717275,0.9937885347259884,83.56258628312678,43.308063603333466
EGX-0489,26.012446618848685,32.99589247742385,Segundo Período Intermedio,Bronce,Copto,61.469175027106196,3.2891281551849567,4.413296685044173,58.204573561717424,88.11726701447678
EGX-0490,27.9956701493957,30.097442751037608,Imperio Medio,"Madera, Caliza",Hierático,76.66623581226801,6.219941150140694,2.7143113253188074,96.76434440233406,24.326259707990083
EGX-0491,26.85122127178253,35.07976793597108,Imperio Medio,Arenisca,Demótico,65.3515592571118,5.468412830309158,1.3829378249948228,71.65205017381699,70.10740904007035
EGX-0492,30.324844357339327,25.33423580546038,Segundo Período Intermedio,Ladrillo,Demótico,62.37708928551491,3.1816438909002938,2.3123940558960534,54.008624468881614,88.51753411521634
EGX-0493,29.218500041347745,27.897539979683987,Periodo Tardío,Granito,Griego,76.78876517292353,3.5100502734982832,0.9818704095972675,64.82453221711904,59.82331608929773
EGX-0494,31.224228217170875,32.28037020809996,Periodo Tardío,"Granito, Madera",Demótico,94.95080350516656,6.880290482137724,1.2729359571277516,57.52338578523673,7.500836393125954
EGX-0495,26.873222267112126,30.209125590503035,Segundo Período Intermedio,"Yeso, Caliza",Cuneiforme,82.13449517572418,1.4361272325146386,4.335693871204987,51.26340175886858,43.83338944895322
EGX-0496,25.854203487282092,28.44194948987006,Periodo Tardío,"Bronce, Madera",Demótico,77.51363676030493,5.654934975767699,4.866499566245023,80.03983363048187,84.26267598297783
EGX-0497,31.479009077854563,33.94444870780782,Antiguo Reino,Oro,Cuneiforme,85.36889087894731,8.739235592574587,4.102738074100094,89.55314752352893,58.62727291705041
EGX-0498,24.046493830436752,35.22900324846507,Tercer Período Intermedio,Adobe,Jeroglífico,67.22736595874991,8.406329803531895,4.396135844860637,60.45573135965327,41.43432165521076
EGX-0499,22.063662609844965,25.552609080719634,Periodo Ptolemaico,Adobe,Copto,82.37484403053155,8.831394920424726,3.523131389967315,95.7554926739221,42.89549495956783
EGX-0500,30.931705461753207,28.720303976751822,Primer Período Intermedio,Yeso,Jeroglífico,63.60670511734226,4.94864216530539,2.892542650384067,91.82990678220231,15.316137500863224
