Latitude,Longitude,AI Prediction Score,Human Activity Index,Climate Change Impact,Sonar Radar Detection,Looting Risk (%),Ptolomaer,Erste Zwischenzeit,Antike,Spätzeit,Dritte Zwischenzeit,Neues Reich,Zweite Zwischenzeit,Römisch,Mittleres Reich,Bronze,Demotisch,Griechisch,Koptisch,Hieroglyphen,Keilschrift,Hieratisch,Kalkstein,Gips,Gold,Holz,Sandstein,Lehm,Granit,Ziegel
25.979264261610137,33.0875324425252,66.50148212753898,4.879290364865646,4.338894709270469,77.86563748090798,70.27038506034074,1,0,0,0,0,0,0,0,0,0,1,0,0,0,0,0,1,0,0,0,0,0,0,0
30.328797272310524,35.666531597172664,90.02667657274908,9.321454563982524,1.3357625298091365,64.01287018190834,11.82031185175506,0,1,0,0,0,0,0,0,0,1,0,1,0,0,0,0,0,0,0,0,0,0,0,0
26.38566581408675,35.62349180896296,73.46880257602582,1.2752643161899702,1.8694805556378415,75.21801126182977,73.83930724819238,0,0,1,0,0,0,0,0,0,0,0,0,1,0,0,0,0,1,0,0,0,0,0,0
31.207514449390843,35.624004841421126,80.71005761381055,7.114216596758805,4.61861730979347,97.17123903845136,97.79086203302168,1,0,0,0,0,0,0,0,0,1,1,0,0,0,0,0,0,0,1,0,0,0,0,0
24.557905620015077,30.521296046290235,91.95048995414312,2.088763105680644,0.7924550099094924,56.02086461074898,6.7445844784567495,0,1,0,0,0,0,0,0,0,1,0,0,0,1,0,0,0,1,0,0,0,0,0,0
22.69451648116609,35.054944381377204,87.04332719321337,2.3733376688331727,0.2855756148478094,83.0195505212723,84.00331938123725,0,0,0,1,0,0,0,0,0,0,0,0,0,0,1,0,1,0,1,0,0,0,0,0
26.48922564684095,32.0598614487817,85.25071254712856,3.0173567394338927,4.54442202535801,72.23832459491248,72.73003410482514,0,0,0,0,1,0,0,0,0,0,0,1,0,0,0,0,0,0,0,1,0,0,0,0
22.25468065878216,28.738302435557465,85.45790735776063,7.766875798228824,1.913550729506628,95.34484578038992,21.553068453277767,0,0,0,0,1,0,0,0,0,1,0,0,0,0,1,0,0,0,0,0,1,0,0,0
25.211083447441524,34.28707011566886,89.35212677288527,3.980764951841447,4.557708355011804,91.51938670589672,64.88190648688627,0,1,0,0,0,0,0,0,0,0,0,0,0,0,1,0,0,1,0,0,0,1,0,0
31.400951376557217,25.400640086701376,84.90933727495579,4.871395915671819,4.880644376189045,54.51580801238134,32.827681796623885,0,0,0,0,0,1,0,0,0,0,1,0,0,0,0,0,1,0,0,0,0,0,0,0
27.71092047804135,30.67431719533984,57.40149539450421,4.205615046168092,1.214922913786169,87.05589892719945,13.135886638072217,0,0,0,0,0,1,0,0,0,0,0,1,0,0,0,0,0,1,0,0,0,0,1,0
27.22275254169599,28.01867889051704,64.863262464324,8.003885596831003,4.841738130314481,54.08759447220832,41.98717209128391,0,0,0,0,0,0,1,0,0,0,0,0,1,0,0,0,0,0,1,0,1,0,0,0
26.971049677501146,29.45997553803074,55.39513840235916,7.199662452551208,0.1424881492686136,60.77572765489682,36.053535528523206,0,0,0,1,0,0,0,0,0,0,0,0,0,1,0,0,0,0,1,0,0,1,0,0
27.02694953747717,28.705314792829235,97.03005255925254,2.663005172583502,0.9054846047365828,56.002571549098604,3.505608222779033,0,0,0,0,0,0,1,0,0,0,0,1,0,0,0,0,0,0,0,1,0,0,0,0
30.90673698346955,28.459667025096888,70.46894983260418,3.358564643991742,1.3196743735544414,83.09525067023546,46.62208657950077,0,0,0,0,0,1,0,0,0,0,0,1,0,0,0,0,0,0,0,0,0,0,0,1
22.98241839097712,28.72634254279196,73.65904801212776,5.72215868818669,4.674686652025978,58.22009191744705,22.576879753004352,0,0,0,0,0,1,0,0,0,0,0,0,0,1,0,0,1,0,0,0,0,0,0,1
25.321760183042443,32.80409190581236,83.38749842451898,7.386995370595991,2.231181706296734,77.84649081705355,75.9619188968983,0,0,1,0,0,0,0,0,0,0,0,0,1,0,0,0,0,0,1,0,0,0,0,1
28.69419645128944,25.40155825841196,69.24945235007331,2.570125271364012,1.920445339520964,68.49167654774271,41.715588107377485,0,1,0,0,0,0,0,0,0,0,0,0,0,0,1,0,1,0,1,0,0,0,0,0
30.50827091022613,33.31169016085182,69.95716721968844,6.263562787596299,4.701519713216045,78.33966212323406,64.06830769992341,0,0,0,0,1,0,0,0,0,1,0,0,0,0,0,1,0,0,0,0,0,1,0,0
22.291732923592477,29.40555741798885,92.47527792624788,3.2359630867674904,1.3149818218912284,53.01614559703866,85.39788293858355,0,0,0,0,0,0,0,1,0,0,0,0,0,0,1,0,0,0,0,0,1,0,0,0
25.453163743257782,34.51491010237271,64.47755028552267,5.013453916123286,2.7315761874108158,86.1677395825306,33.470546958011106,0,0,1,0,0,0,0,0,0,0,0,0,0,1,0,0,1,0,0,0,0,0,0,0
27.6057393131046,32.87877000849017,92.76653846961553,6.194330921388796,3.543012222381438,58.67338638439932,65.52220434028908,0,0,0,1,0,0,0,0,0,0,0,0,1,0,0,0,0,0,0,0,0,1,0,0
23.46358638258757,32.2917418725841,77.81263238325002,2.907294738670028,2.821867869700249,89.10387991109502,17.941993398580525,0,0,0,0,0,1,0,0,0,0,0,0,0,1,0,0,0,0,0,0,0,1,0,0
26.09710742431417,35.463598737040286,69.64790717688261,3.035305338766089,4.545926754312834,70.1998573945464,45.3164562456576,0,1,0,0,0,0,0,0,0,0,1,0,0,0,0,0,0,0,0,1,0,0,0,0
24.144702315003222,31.11021709180669,85.85390221484872,8.827590902819246,2.80651388271113,81.20524732972072,70.06652445447399,0,0,0,0,0,1,0,0,0,0,0,0,0,1,0,0,0,1,0,1,0,0,0,0
29.37829517694768,30.490807527653683,95.8591580946221,3.838559292038659,2.937731273218586,51.14805588113769,42.87834044432326,0,0,0,0,0,0,0,1,0,0,0,0,0,0,0,1,0,0,0,0,0,1,0,0
25.821751115744732,35.457146521812355,98.4955213932235,3.129839548163445,2.7177560756643557,81.35859907215456,44.515589887686325,0,0,1,0,0,0,0,0,0,0,0,0,0,1,0,0,0,0,0,0,0,1,0,0
26.99510321416258,31.63455689156516,76.7018325726522,7.521734704159131,0.3076996041601476,62.41671310261316,88.08553597007726,0,0,1,0,0,0,0,0,0,1,0,0,1,0,0,0,0,1,0,0,0,0,0,0
31.03505819004764,30.75620395812578,72.58049220692799,4.391017974714511,2.8267054758089856,88.18668185617632,33.70251752464242,0,0,1,0,0,0,0,0,0,0,0,0,0,0,1,0,0,1,0,0,0,0,0,1
28.34285366964039,29.809304304089206,76.44746938833254,7.949358398495817,1.9906668394490912,80.32402314573238,56.313025813836006,0,0,0,0,0,1,0,0,0,0,0,0,0,0,0,1,0,0,0,0,0,0,0,1
23.08500536674605,26.701046253737204,93.71017347304404,2.899036714608449,2.490023556349384,81.82912148928212,80.63058990770364,0,0,0,0,1,0,0,0,0,0,0,1,0,0,0,0,0,0,0,0,1,0,0,0
31.31939946920054,28.390668298880897,71.39459617150142,9.802941720231528,4.107121351917322,85.29095098821553,67.15210564136133,0,0,0,0,0,1,0,0,0,0,0,0,0,1,0,0,1,0,0,0,0,0,0,1
29.784933000684685,31.758581312337117,78.46854751929872,7.008770380515927,2.7352702913139715,94.13247716680176,20.787436984812047,1,0,0,0,0,0,0,0,0,0,0,0,1,0,0,0,1,0,0,1,0,0,0,0
31.392644598839585,32.497698518891475,60.66672880817495,1.689924413069915,4.160845807012121,70.18674902322965,79.05200793015386,0,0,0,1,0,0,0,0,0,0,1,0,0,0,0,0,1,0,0,1,0,0,0,0
27.96295656017136,28.883719983200532,95.39828645317922,9.713219358276618,2.621610975215095,87.38540823662454,82.91855076428988,0,0,0,0,0,0,1,0,0,0,0,1,0,0,0,0,0,0,0,0,1,0,0,0
26.35403621354224,35.39112307522444,98.47656803289796,1.6982278892308351,0.4528020583415304,68.16532980839659,34.91102068165931,1,0,0,0,0,0,0,0,0,0,0,0,0,0,1,0,0,1,0,0,0,0,0,0
27.501764700372053,25.617492082103897,77.50023097833616,5.256729844406734,3.943730789398918,85.2617381744808,57.76608466501767,1,0,0,0,0,0,0,0,0,0,0,0,0,1,0,0,0,0,1,0,0,0,0,0
22.16180427388443,31.96510729022361,91.29329325718815,9.530820165248873,2.2262863267419646,60.74331840983845,61.07196308615607,0,0,0,0,0,0,0,1,0,0,0,0,0,0,0,1,1,0,0,0,0,1,0,0
29.905857891569887,33.66085151886894,91.88412050914069,3.577394309761646,2.858389780703869,92.12775480270211,2.353047529962216,0,0,0,0,0,0,0,1,0,0,0,0,0,0,1,0,0,0,0,0,0,1,0,1
23.207347062147413,26.557315309774538,62.72653960504676,1.819933957016025,1.1939667212729803,66.44963837991644,29.49742030046424,0,0,0,0,0,0,0,1,0,0,0,0,0,1,0,0,0,0,0,0,0,0,0,1
22.03946907777708,28.22107135602285,75.02478808666784,5.449041209959279,4.185055185012709,79.88353568197412,48.49325283211978,0,0,0,0,0,0,0,0,1,0,1,0,0,0,0,0,1,0,1,0,0,0,0,0
31.116726352645,25.212621962384503,90.91009328467172,7.215157308015986,1.2536431559247252,51.72168261644863,33.0857773948658,0,1,0,0,0,0,0,0,0,1,0,1,0,0,0,0,1,0,0,0,0,0,0,0
29.12521769096621,28.589179556161994,56.874494605535496,8.240320264545748,4.057940800451518,70.20985763780476,99.7798654671833,1,0,0,0,0,0,0,0,0,0,1,0,0,0,0,0,0,0,1,1,0,0,0,0
23.316962851986045,28.10752968755964,89.99388521389514,4.343132534415393,4.379161367336182,85.87168113476974,40.74044756166519,0,0,0,0,1,0,0,0,0,0,1,0,0,0,0,0,0,0,0,0,0,0,1,0
26.746446561328263,32.15395752253034,73.10994227022783,8.12046390812557,3.525023952773206,83.1840843963756,68.61380861615139,0,0,0,0,1,0,0,0,0,0,0,0,0,1,0,0,1,0,0,0,0,0,0,0
30.776025549659764,26.924854343764697,81.92548204490816,6.684224502462199,4.08094782881631,96.06741152023424,0.5651934459142582,0,0,0,0,1,0,0,0,0,1,0,0,0,0,0,1,0,0,0,0,0,1,0,0
28.308130166206947,28.285566910243684,54.26692830840602,3.648130653340216,0.0284237313790869,55.017902192563625,34.647240629282,0,1,0,0,0,0,0,0,0,0,0,0,1,0,0,0,0,0,0,0,0,1,0,1
28.883738056799857,33.57395347472928,84.92584985667008,5.1193615922556965,1.0166597446600412,51.20605657896256,84.45477797542719,0,0,0,0,0,0,0,1,0,0,0,0,1,0,0,0,0,1,1,0,0,0,0,0
29.38861332649268,31.327869532540618,64.38131719854894,3.9393571925061854,3.0899003910005893,76.87132893915289,48.09577641765337,0,0,0,0,0,1,0,0,0,0,1,0,0,0,0,0,0,0,0,0,0,0,1,1
22.355842181462805,34.28425306255147,78.382640831796,5.3753774745672604,1.1297732121453663,60.968717520099794,76.4176646802284,1,0,0,0,0,0,0,0,0,0,0,0,1,0,0,0,0,1,0,0,0,0,1,0
26.894283026890964,35.58260416816756,61.27207577374983,5.550190012424096,1.250973614570618,67.79876277238932,9.114797304516664,0,0,0,0,0,0,0,0,1,0,0,0,0,0,1,0,0,0,0,0,1,0,0,0
27.16311357221613,32.09280359203182,53.02989978636046,7.556175618401339,2.6784653067314435,89.83339090745147,40.47833436434455,1,0,0,0,0,0,0,0,0,0,0,1,0,0,0,0,0,0,1,0,0,0,0,1
24.516948744945186,33.61775252400784,77.0548414301613,4.045574145737618,4.850222970324552,72.02654301368649,67.15734943225597,1,0,0,0,0,0,0,0,0,1,0,1,0,0,0,0,0,0,0,0,0,0,0,0
24.006586166353703,27.681931999320607,70.02852425666262,9.771617233814856,2.058526716348676,84.92011440828637,55.31931937024297,0,0,0,0,0,1,0,0,0,0,0,0,0,0,0,1,0,0,0,0,1,1,0,0
24.292747336752672,32.58779432504076,57.31586200766757,8.13943921977108,2.159644550086901,87.53347873894238,7.759367771146919,1,0,0,0,0,0,0,0,0,0,0,0,0,0,0,1,1,0,1,0,0,0,0,0
25.470289970687286,28.84245949571416,51.6452594921177,3.942714127416135,2.2819665727789733,54.4894393875316,92.33375769153996,0,0,0,0,0,0,0,0,1,0,0,0,0,0,1,0,0,1,0,0,0,1,0,0
31.393770456790318,32.39437014319331,69.48982962080704,6.964737142244736,0.0432033796274872,87.17795115444233,99.8574790794366,0,0,1,0,0,0,0,0,0,0,1,0,0,0,0,0,0,0,1,0,0,0,0,0
24.34798197166761,29.52148543533057,92.41401067599584,3.149219755526238,0.4596089514757501,56.36652678665687,28.184689032609555,0,0,0,0,0,0,0,0,1,0,0,0,0,1,0,0,0,0,0,0,0,1,0,0
25.09048952768662,27.193541876398086,73.0726402920623,2.737654492500287,2.488323161781818,78.81425499145644,42.88562811489257,0,0,0,0,0,1,0,0,0,1,0,0,0,1,0,0,0,0,0,0,0,0,0,0
25.16473919145763,33.4653764616332,85.37995727122262,7.237830517976925,3.189245193496797,88.48991339977658,83.58868381826234,0,0,0,1,0,0,0,0,0,0,0,0,1,0,0,0,0,0,0,1,0,0,0,0
26.5844379758877,33.424441085859506,79.57105874450562,4.495157532891339,4.918783152813465,96.17190486854037,61.11976162631944,0,0,0,0,0,0,0,0,1,1,0,0,1,0,0,0,0,0,1,0,0,0,0,0
23.60476639982281,28.55227598487566,67.90142177550712,4.936112219108644,4.325297310896042,90.5536532573976,51.32581666890572,0,0,1,0,0,0,0,0,0,0,0,0,0,0,1,0,1,0,1,0,0,0,0,0
29.68852296118968,28.245158780829705,53.03530304375223,8.029903563437282,0.8590635266609448,93.46670154361652,24.26357784935178,0,0,1,0,0,0,0,0,0,1,0,0,0,1,0,0,0,0,0,0,0,1,0,0
29.38855701564009,27.48784418966118,71.38118910304532,5.454377186448969,3.228624929868438,97.07076262104994,3.8186659409507273,0,0,0,0,0,0,0,0,1,0,0,0,0,0,0,1,0,0,0,1,0,0,0,0
31.488133836923623,26.40023395348573,77.52401659341237,2.9223433547102693,4.711021929854037,55.79105478437808,42.26237463747749,0,0,0,0,0,0,0,0,1,0,0,0,1,0,0,0,1,0,0,0,1,0,0,0
24.493301382118123,27.60716131304197,92.89818415883896,5.561989169607401,3.28222824386585,61.02707267075499,85.18884600288733,0,0,0,0,0,1,0,0,0,0,0,1,0,0,0,0,0,0,0,1,0,0,1,0
31.14646470729449,25.73641035082128,97.1578966920902,7.084362050184471,1.839385778630876,52.70987530845901,75.27580423093556,0,0,0,0,0,0,0,0,1,0,0,0,0,0,0,1,1,0,1,0,0,0,0,0
30.148490725370877,30.769008689018733,61.51914713306932,7.037276933072538,0.3829601154408829,62.68360849953434,63.40830280095047,0,0,0,1,0,0,0,0,0,0,0,1,0,0,0,0,0,0,0,1,1,0,0,0
26.86383107594321,29.73741236811941,97.0360458265826,8.561125894811449,1.8394426579409475,97.75860778907511,10.051062241418707,0,1,0,0,0,0,0,0,0,0,0,0,0,0,1,0,0,0,0,0,0,0,1,1
23.34420333572494,25.039259783776032,81.85854232643379,9.512878608876324,0.1509738173892705,63.33968198010744,26.142983368593896,0,1,0,0,0,0,0,0,0,0,0,0,0,1,0,0,0,0,0,0,0,1,0,1
24.78850162801993,32.582427334117675,63.21332789705448,8.117674976436865,4.064230672630517,70.00980647627625,85.73097927730473,0,0,0,0,0,0,0,1,0,0,0,1,0,0,0,0,0,0,0,0,0,1,0,0
27.96668363332397,33.68162884929353,91.17688271491036,5.378171250952578,0.2913635506143291,72.22242554558011,15.176413508175646,0,0,1,0,0,0,0,0,0,0,0,0,0,0,0,1,0,0,0,0,0,1,0,0
30.453879794681043,35.888709779462495,79.53347357830339,8.066727451088575,3.8343388905055686,65.66756556218617,84.67761460530497,1,0,0,0,0,0,0,0,0,0,1,0,0,0,0,0,0,0,0,0,1,0,0,0
24.62741265065306,25.528605740005784,81.37992657458207,2.294404894485796,4.271351944566214,66.90166674390976,30.22891621474412,0,0,0,0,0,1,0,0,0,0,0,0,0,1,0,0,0,0,1,0,0,0,0,0
28.228156898328308,28.0908019341904,55.31283970869176,4.980562276929078,3.8249776265045976,98.73026637452269,76.86196199470692,1,0,0,0,0,0,0,0,0,0,0,0,0,1,0,0,0,0,0,0,1,0,1,0
23.33431121363441,30.1138237154903,52.56356929500243,7.78456513959921,4.605229965615734,88.79506053906253,84.94987314924371,0,0,0,0,0,0,0,1,0,1,1,0,0,0,0,0,0,0,0,0,0,0,1,0
30.66023677618865,25.29675197459806,76.01910938878305,4.245405163443188,0.1205612969092156,90.9725036883319,13.148868350185417,0,0,0,1,0,0,0,0,0,1,0,0,1,0,0,0,0,0,0,0,1,0,0,0
25.13113972534538,26.425368484962732,59.73390536835166,1.186578758285445,1.6976220046119783,75.29367249267366,11.42897586169921,0,0,0,0,0,1,0,0,0,0,1,0,0,0,0,0,0,0,0,1,0,0,0,0
24.85755024548337,32.605038323775624,82.38937718380811,1.279918868193185,2.937633230933512,84.97135557678266,64.74355398904918,0,0,0,0,0,0,1,0,0,0,0,0,0,0,1,0,0,0,0,0,1,0,0,0
26.32181169944592,28.128518132645983,94.5698690476202,3.3618767593816807,3.230565201221875,56.22934576290126,84.21416895202107,1,0,0,0,0,0,0,0,0,0,0,0,1,0,0,0,0,0,1,1,0,0,0,0
26.635739042077645,26.21838049513444,96.70951356398308,7.447635325475044,4.158655511734164,76.13173046555464,45.641537023230505,0,0,0,0,0,1,0,0,0,0,0,0,1,0,0,0,0,0,0,0,0,0,1,0
22.58404760451874,35.31199527524814,67.0256620365709,2.15118282769855,1.3890017201879616,72.72367870270806,22.488412208531734,0,0,0,0,0,0,1,0,0,0,0,1,0,0,0,0,0,0,0,0,1,0,0,1
27.478163942763143,30.86170736641876,77.55797308645913,6.273431402393565,2.258889337232344,78.24059361043494,11.764395821661378,0,0,0,0,0,0,1,0,0,0,0,0,0,0,0,1,0,0,0,0,1,0,0,0
30.20167502020098,35.0491874600042,73.3026651781222,8.196566584593072,2.115016381448468,54.44419934486459,2.9890243165787145,0,0,0,0,0,1,0,0,0,0,0,1,0,0,0,0,0,0,0,0,0,0,0,1
27.10085312188602,29.392329981149537,76.6415823723419,6.236059662869548,0.9455077307508858,76.03363358217254,12.07475186857284,0,0,0,1,0,0,0,0,0,1,0,1,0,0,0,0,0,0,0,1,0,0,0,0
23.822950606345916,34.982117833648644,78.7995503335605,7.16714281529602,1.196819007519987,94.0010602058358,34.123438883975034,0,0,0,0,0,1,0,0,0,0,0,0,1,0,0,0,1,0,0,0,0,0,0,0
27.08855818836821,29.054206861053704,71.96969651032289,6.902080453829734,3.508198811137448,63.38079470481744,95.39962378002728,0,0,0,1,0,0,0,0,0,1,0,1,0,0,0,0,0,1,0,0,0,0,0,0
24.379124459691536,31.32201499668929,77.92096151406196,5.581091350927193,0.598622296775751,57.79751331466642,42.82730680830949,0,0,0,0,0,0,0,0,1,0,0,0,0,0,1,0,0,0,0,0,0,0,0,1
27.509248142434476,34.77119804987111,66.43493140164266,4.527354195732181,1.2773085254228855,89.96483542342898,82.03443059029803,0,0,0,1,0,0,0,0,0,0,1,0,0,0,0,0,0,0,0,0,0,1,0,0
22.121395747382188,26.30477802911585,78.20049236970902,7.058815429018996,3.92994523346592,69.57208277558394,23.60855818117121,1,0,0,0,0,0,0,0,0,0,0,0,0,1,0,0,0,1,0,0,0,0,0,0
28.05134719296423,30.40280638098709,51.91165666521972,5.14419577861779,2.248178086015171,60.14606351421968,32.961960458241755,0,0,0,0,0,0,1,0,0,0,0,0,0,0,0,1,0,1,0,0,1,0,0,0
26.282031405349308,34.14371690748915,70.38735357471127,6.416487034771767,3.692190235618412,97.61910570280725,53.88938267526516,0,0,0,0,0,0,0,1,0,1,1,0,0,0,0,0,0,0,0,0,0,0,0,0
23.08876356034453,31.16147688216497,76.38792909545359,8.341639133245938,0.7158942559169812,76.62230235678092,48.65824350540243,0,1,0,0,0,0,0,0,0,0,0,0,0,1,0,0,0,0,0,1,0,0,0,0
31.264213542213994,33.36137941836291,58.61672665418878,4.610572195212903,2.7406717662060025,63.74317315205656,28.28050000579594,1,0,0,0,0,0,0,0,0,0,0,0,0,1,0,0,0,1,0,1,0,0,0,0
29.473924147918865,28.276514769830303,67.041111412459,6.340047790321758,2.070885528187707,74.6357458305746,4.661155423359031,1,0,0,0,0,0,0,0,0,1,0,0,1,0,0,0,0,0,0,0,0,0,0,1
29.75374850236872,28.30788090812636,94.5083204587062,5.5162256113976085,0.6005627556787657,64.19815042270318,99.65015241618558,0,0,0,0,0,0,0,1,0,0,0,0,0,0,1,0,0,1,0,0,0,1,0,0
22.89844931615141,29.641345200198383,56.82496128563416,8.152109870139492,1.431067663211267,75.53802626684539,54.04912222265517,0,0,0,0,0,1,0,0,0,0,0,0,0,0,0,1,0,1,1,0,0,0,0,0
31.007898559183595,30.052134318013326,70.05944170060557,9.88140112541364,0.9560584712448412,66.95137680411287,27.1071157269298,0,0,0,0,0,0,0,0,1,0,0,0,0,1,0,0,0,0,0,0,1,0,0,0
24.81337694995366,29.703333999259648,77.22597098059691,2.310520990496618,3.419230720714776,99.5477281516462,26.68541683554665,0,0,0,0,0,1,0,0,0,1,0,0,1,0,0,0,1,0,0,0,0,0,0,0
29.970251341991293,32.68971984964416,77.18443137322268,4.719197698056808,3.976822965287268,86.86902262289117,1.4342409447036908,0,0,0,0,0,1,0,0,0,0,0,0,0,0,1,0,1,0,0,0,0,0,0,0
31.04958615831269,29.09089359185664,76.06455556584166,1.2351605532684549,4.11123961094636,80.84484571001451,59.467211290347066,0,0,0,0,0,0,1,0,0,0,0,0,0,0,0,1,0,1,0,0,0,0,0,0
23.80286028847,33.18790235894132,96.5045228532936,1.0333634990991711,3.841726237983143,98.3956944499781,93.38075064447698,0,0,0,0,0,1,0,0,0,0,0,0,1,0,0,0,0,0,0,0,1,0,0,0
22.977673648580573,26.887879860784743,80.03135018326708,9.050547380403309,4.403420083688072,96.41801201966342,24.04570782308585,1,0,0,0,0,0,0,0,0,0,0,0,0,1,0,0,0,0,0,0,0,0,1,1
23.721246914796225,26.43406635484296,64.57444488894696,3.9472556045951546,4.145468689821897,80.04041540128478,43.4986313346461,0,0,0,0,0,0,0,1,0,0,0,0,0,0,1,0,0,1,0,0,0,0,0,0
24.954765788446352,27.359929248114582,64.28567271842599,1.8168420020322784,3.454170839521604,74.69310715661574,68.55353442567478,0,0,0,0,0,0,1,0,0,1,0,0,0,0,0,1,1,0,0,0,0,0,0,0
25.19264636623189,33.03127273305538,77.08901942305195,2.377167240648692,1.0122987992609551,52.79412827359055,39.10294557267145,0,0,0,0,0,1,0,0,0,1,0,0,1,0,0,0,0,0,0,0,0,0,0,0
27.648179604817035,27.014910512145093,61.93821005486087,2.25643305393579,4.337233108549498,97.69800968207056,10.0595100617339,0,0,0,0,0,0,0,1,0,1,0,0,0,1,0,0,0,0,1,0,0,0,0,0
28.733706804904543,33.24541392681675,79.67323651364242,5.048270879171325,2.0304888841950204,71.8579406469833,71.69762367476876,0,0,1,0,0,0,0,0,0,0,0,0,0,0,1,0,0,0,0,0,1,0,0,1
27.872728129533392,29.974997898536145,77.23506438095808,1.9473840390840629,0.7738009101478971,81.90071622448508,13.475707564328642,0,0,0,0,1,0,0,0,0,0,0,1,0,0,0,0,0,0,0,0,0,1,0,0
26.57057463129038,26.444078101315892,79.67375250067973,6.895412244788673,0.442988934057627,50.49014352701239,19.75346072529436,0,0,0,0,0,0,0,1,0,0,0,0,0,1,0,0,0,0,1,0,0,0,0,0
30.784770928586184,34.15935766952365,59.02949912553801,5.333383374962632,4.317596901719599,95.6168144820069,4.866048742381601,0,0,0,0,0,1,0,0,0,0,0,0,1,0,0,0,0,0,0,0,1,0,0,0
30.546988676849423,35.30690925000473,83.93608132569767,3.5631197230309413,3.630062665442563,71.1975199211087,47.01528630890341,0,1,0,0,0,0,0,0,0,0,0,0,0,1,0,0,0,1,0,0,0,0,1,0
26.3470173675221,30.73722879892333,74.18536601475967,6.578240729455469,1.7223980121752276,66.59058601829832,24.150422491774915,0,0,0,0,1,0,0,0,0,0,0,0,1,0,0,0,1,0,0,0,0,1,0,0
26.82218711996807,31.26606768555221,88.5381158323884,2.982884553699491,3.915113094064196,54.46181335622408,91.01590857591356,0,0,0,1,0,0,0,0,0,1,0,0,1,0,0,0,0,1,0,0,0,0,0,0
29.250085085082468,32.338624458322464,58.51987030196847,4.454336764459953,0.1909912746952424,58.71546754689865,36.20218715918377,0,0,0,0,0,0,1,0,0,0,0,0,0,1,0,0,0,0,1,0,0,0,0,0
28.164050879679387,25.725994760773563,62.813668399151936,6.478613668780147,4.682973419793761,59.30416009461948,78.16694151630826,1,0,0,0,0,0,0,0,0,0,0,0,0,0,0,1,0,0,0,1,0,1,0,0
26.56472546088396,33.5708995585416,95.73698190771437,3.0411694590008422,0.7841347592564052,67.86037344561583,79.43858953088679,0,1,0,0,0,0,0,0,0,0,1,0,0,0,0,0,0,1,0,0,1,0,0,0
30.85967608650205,30.759072043680035,80.81889843521884,8.584085048464045,3.8018516563716647,75.55816993995498,68.41316761500136,0,0,0,1,0,0,0,0,0,0,0,0,0,0,0,1,0,0,0,0,0,1,0,1
30.87140542372024,33.04198353146601,74.58911903182582,9.015809322610597,2.872024736724619,81.8185470064555,60.68546780915919,0,0,0,0,0,1,0,0,0,0,0,0,1,0,0,0,0,0,0,0,0,0,1,0
22.980030953952507,25.817217042266037,82.58308148600844,4.378692470605646,2.9536532354228635,67.25890822239315,83.04424530512605,0,0,0,0,0,1,0,0,0,0,1,0,0,0,0,0,0,0,1,0,0,1,0,0
25.97871539315889,28.67722337051648,52.10361695154315,9.43623978303301,2.495121192867291,72.8106421844617,44.4748273196445,0,1,0,0,0,0,0,0,0,0,0,0,0,1,0,0,0,0,0,0,0,1,0,0
26.069140460329564,35.643639654971544,88.77338499188585,2.5104533329633467,3.400953982453734,69.6956000792185,45.56444862401493,0,1,0,0,0,0,0,0,0,0,0,0,0,0,1,0,0,0,1,0,0,0,0,0
26.421540048506127,26.230871626897013,69.39473829355276,8.10424418021272,0.2816624428014191,74.25026134368896,6.661982075984374,0,0,0,1,0,0,0,0,0,1,0,0,0,0,1,0,0,0,0,0,0,0,0,0
29.265437755586696,31.11079136436373,81.99625998176496,8.13272726186147,2.5229869635006703,95.00865145310036,27.47022400739601,0,0,0,0,0,0,1,0,0,1,0,0,0,0,0,1,0,0,0,0,0,0,0,0
24.148970557884528,35.013536702228635,84.74697539944235,9.614683252703305,2.372361165576442,76.68404274592615,14.654556684030062,0,1,0,0,0,0,0,0,0,0,0,0,1,0,0,0,0,0,1,1,0,0,0,0
24.407306725121583,33.73455823737666,55.26657215799625,5.4778737836107165,4.664046671405398,81.68044442763374,14.202647923494972,0,0,0,0,0,0,0,0,1,1,0,0,1,0,0,0,0,0,1,0,0,0,0,0
30.109140087483738,27.522491939451868,60.28682528670914,3.1990124698364677,3.601956930811294,74.27821558756058,29.401171330160736,1,0,0,0,0,0,0,0,0,0,0,0,0,0,0,1,1,0,0,0,0,0,0,1
22.576367448597267,28.715616766081787,91.97578808169632,1.6863405832156686,4.262739181044942,98.51947217165905,91.01228089925472,0,0,0,0,0,0,0,1,0,0,0,0,0,0,1,0,0,1,0,0,0,0,0,0
27.081554202281847,25.272401083162293,76.27093352075218,7.017627487005345,2.083732493710774,77.13790643114527,22.273203735784307,0,1,0,0,0,0,0,0,0,1,0,0,0,1,0,0,0,0,0,0,0,0,1,0
29.00893384234788,27.47537222183215,63.12603714260106,5.356006493086012,3.128070030612131,64.88836050241676,30.02298677022489,0,0,0,0,1,0,0,0,0,0,0,1,0,0,0,0,0,0,1,0,0,0,0,1
25.14682815403528,26.80833323016389,79.0360456672471,2.1234982695280964,2.476310352945641,96.93869997106351,30.273273471057184,0,0,1,0,0,0,0,0,0,1,1,0,0,0,0,0,0,0,0,1,0,0,0,0
27.828481888866413,26.77598736365074,78.03767326923,2.131749297321813,4.151755587275876,50.86270095026117,43.21881744915936,0,0,0,0,0,0,0,1,0,0,0,0,0,0,0,1,0,0,0,1,0,1,0,0
23.123188268898428,27.382221903312352,67.66246293557165,1.575062313132535,4.906140060789897,52.10468932885048,33.74176367296007,0,0,1,0,0,0,0,0,0,0,0,1,0,0,0,0,0,1,0,0,0,0,0,0
23.903591353811382,25.777343345542228,62.38646629156096,8.712827856726388,0.3090923411656127,50.78613166607713,85.31831071005972,0,0,0,0,0,1,0,0,0,0,0,0,1,0,0,0,0,0,0,0,0,1,1,0
31.3722215831188,29.093479232834376,59.73419063266724,1.6105615726611653,4.274661773277612,69.36838443889405,19.55255317713981,0,0,0,0,0,0,0,1,0,0,1,0,0,0,0,0,0,0,0,0,0,0,1,0
24.435409118542445,33.36202186646868,91.56004699742392,6.899995959549393,0.7863531469081525,82.14673268863066,73.91342118969838,0,0,0,0,1,0,0,0,0,0,0,0,0,1,0,0,0,1,0,0,1,0,0,0
28.359560818983415,31.516314575462356,52.17043685735816,1.8128630120557685,0.2719770634172591,57.36860539272166,43.03986158240727,0,0,0,0,0,0,0,1,0,0,1,0,0,0,0,0,0,0,0,0,0,0,1,1
25.001859922973065,34.012473670119334,85.09562547927317,7.805495559055606,0.8856890783198601,95.73516110650162,30.78500294668357,0,1,0,0,0,0,0,0,0,1,0,0,1,0,0,0,0,0,0,0,1,0,0,0
26.271593234149115,35.28618541951519,52.61417302909705,5.268359302145651,1.1632378050258352,54.597366683341534,44.57049094612394,0,0,0,0,0,1,0,0,0,0,0,1,0,0,0,0,0,0,0,0,0,1,0,0
28.39262794265412,26.26986238217186,83.26681679253062,9.443832835518831,3.570361397165234,59.45340958172788,57.64004909747938,0,0,0,1,0,0,0,0,0,0,0,1,0,0,0,0,0,0,0,0,0,1,0,0
22.330007448165635,25.663836647441368,83.77815225239944,1.8845921078013887,1.3116862040107895,50.91550664260696,24.585112011813003,0,0,0,0,0,0,0,1,0,1,0,0,0,0,0,1,0,0,0,0,0,0,0,1
27.80793527170036,26.668274785291537,89.97302756496424,1.640588565191338,0.2416320797044052,51.07543504734804,30.912656128099258,0,0,0,0,1,0,0,0,0,0,0,0,1,0,0,0,0,0,0,0,0,0,0,1
23.495629567601867,32.22142887927759,75.95177910465449,2.6235041982618417,4.245400098280928,73.26887068705031,51.96427913941891,0,0,0,0,0,0,1,0,0,0,0,0,0,1,0,0,0,0,0,0,0,1,1,0
27.369865203620428,34.00436549333772,81.31641185921285,4.963479728831254,0.2283960027610238,59.17376508327591,48.14443098712397,0,0,0,0,0,0,0,0,1,0,0,0,1,0,0,0,0,0,0,0,1,1,0,0
22.611890831426035,28.709075320016836,82.49763601061136,7.991886388775751,1.209111662704504,51.02574847309553,45.35030508126627,0,1,0,0,0,0,0,0,0,1,0,1,0,0,0,0,0,0,0,0,0,0,0,0
26.365246546294305,34.85383423803846,70.26595086186192,8.68181606977021,0.4594258990341282,77.48049542328236,53.49012662366045,1,0,0,0,0,0,0,0,0,0,0,0,0,1,0,0,0,0,0,1,0,0,0,0
24.32631662804887,26.341762870486832,98.27617596219848,4.463568287971233,0.418376173632532,62.94709881867065,42.68597212788969,1,0,0,0,0,0,0,0,0,0,0,0,1,0,0,0,0,0,0,0,0,0,0,1
22.95223686258711,34.48466743426566,55.418947840647846,2.853036675640656,0.2122025652098425,59.55324234518156,84.1043999879924,0,0,0,0,1,0,0,0,0,0,1,0,0,0,0,0,0,0,0,0,0,1,0,0
24.792306418263045,27.674724626397065,94.25086061080395,4.112232572323055,3.608608043828958,91.44084378568876,99.47403822532132,0,1,0,0,0,0,0,0,0,0,0,1,0,0,0,0,0,0,0,0,1,0,0,0
29.62331546887125,35.72674878766591,57.6345871775262,9.887376032205225,0.3535996796439211,55.65359937068844,33.58888664088293,0,0,0,0,0,0,0,1,0,0,1,0,0,0,0,0,0,0,0,0,0,1,0,0
24.142162498000875,32.90836681580868,66.84337220404535,1.791908512891287,1.0085694896361086,59.04320938762048,25.270132440876235,0,0,0,0,1,0,0,0,0,1,1,0,0,0,0,0,0,0,0,0,0,0,0,0
22.776247358525108,33.940881773299644,72.32534402629538,8.424766935045339,2.013938187361451,54.927500955459365,15.519287021530282,0,0,0,0,0,0,1,0,0,0,0,1,0,0,0,0,1,1,0,0,0,0,0,0
30.35035411420249,30.70826058573926,54.73964018979373,5.196763023416223,1.6417080744571544,88.38273691018584,84.45893786890014,0,0,0,0,0,0,0,0,1,1,0,0,1,0,0,0,0,0,0,0,0,0,1,0
26.16376286510723,35.96223554599655,94.81175775059964,8.978565546032726,4.624860063778501,53.73272357672596,15.003921855914948,0,0,0,0,0,1,0,0,0,0,0,0,1,0,0,0,0,0,0,0,1,0,0,0
27.80057931080063,25.483870324824856,71.85495387560526,4.562259596936188,0.7835835210961883,94.24227927649366,93.95670363341291,0,0,0,0,1,0,0,0,0,0,1,0,0,0,0,0,1,0,0,0,0,0,0,0
30.371055556246056,33.25940619867818,78.85549069107597,2.39836533136308,4.129889371727246,87.35158282101395,3.34642171848355,1,0,0,0,0,0,0,0,0,0,1,0,0,0,0,0,0,0,0,0,1,0,0,1
24.27946493311932,30.76057477884183,51.77753854579189,5.888001582481019,3.0577488827074824,95.17511303023076,48.87980089055445,0,0,1,0,0,0,0,0,0,1,0,0,0,0,1,0,0,0,0,0,0,0,0,1
29.320045007400907,27.66983300050224,65.88401883503084,5.094964546417777,1.6604213688617482,73.7238456406462,15.910507017458896,0,0,1,0,0,0,0,0,0,0,1,0,0,0,0,0,1,0,0,1,0,0,0,0
27.072595307552444,31.436349024561665,92.02791326510297,3.501207598578786,3.486205001706439,50.71344267141533,25.90596556943148,0,0,0,0,0,1,0,0,0,0,1,0,0,0,0,0,0,0,0,0,1,0,0,1
22.44983499727109,33.64853137319069,69.92941197837474,9.06774242324412,3.2463543977296387,81.73256443786639,34.76409130337945,0,0,0,0,0,1,0,0,0,1,0,0,0,0,0,1,0,0,0,0,0,0,0,0
22.046720726571067,30.166362576281937,94.47477986714657,4.793140881546245,0.7014770196724157,82.28270072448088,86.06127051722734,0,1,0,0,0,0,0,0,0,1,1,0,0,0,0,0,0,1,0,0,0,0,0,0
22.730899133498475,26.19597628030765,81.86365285951622,5.552771508296857,0.1009916014198591,70.44248215480336,44.030090082122754,1,0,0,0,0,0,0,0,0,1,0,0,0,0,1,0,0,0,0,0,0,0,0,0
28.894179865999654,25.53233118476484,94.92924332386158,2.138022425039063,0.8917719853914569,88.72944763228568,85.45700458106326,0,0,0,0,0,1,0,0,0,0,0,0,0,0,0,1,0,0,1,0,0,0,0,1
30.331655649556247,25.208681207047476,91.94345996543618,7.04971785008389,0.1119539203502822,71.3277056681206,62.505987981140656,0,0,1,0,0,0,0,0,0,0,0,0,1,0,0,0,1,0,0,0,0,0,0,1
28.283199469383728,33.312069993176394,91.97591654248149,9.848850813395394,3.4193929273508346,68.82862074715764,33.197962190841025,1,0,0,0,0,0,0,0,0,1,0,0,0,0,1,0,1,0,0,0,0,0,0,0
31.580453626578247,35.1200570848582,66.81479940613582,8.851437097632154,1.7105677085244952,70.65663956966426,44.7510836752934,0,0,0,1,0,0,0,0,0,0,0,1,0,0,0,0,0,1,0,0,0,0,0,0
25.985506215635176,29.03071087229028,54.29171881577163,1.5357738960235965,3.752172057349792,64.50146924422398,76.33537930675948,0,0,0,0,0,0,1,0,0,0,0,0,1,0,0,0,0,0,1,0,0,0,0,1
25.26981895832514,35.74370449402116,62.89655886471608,3.314595735822905,4.298586940366589,99.48649919635386,12.638079558301762,0,0,0,0,1,0,0,0,0,0,1,0,0,0,0,0,0,0,0,1,0,0,0,0
24.147946348133765,31.419927744223216,83.41841452420024,4.547048209941055,1.811067977541267,75.50236067961063,77.4007165108945,1,0,0,0,0,0,0,0,0,0,0,1,0,0,0,0,0,0,0,0,1,0,1,0
29.59537281892391,32.05210952087394,60.32771535778413,6.940009413186582,4.839532733143091,96.26731294335724,96.53589923345552,0,0,0,0,0,1,0,0,0,0,0,0,1,0,0,0,0,0,0,0,0,0,0,1
29.88026075327341,25.25416879198933,82.18324241354446,7.231368545543753,3.586113713274176,83.6341891091801,73.49300270853172,0,0,0,0,0,0,0,0,1,0,0,0,0,1,0,0,0,1,0,0,0,0,0,0
25.995960199559697,32.228408250412265,60.69225950401456,7.828292679735688,1.823504067733046,76.448406010066,68.7758194531523,0,0,0,0,0,0,0,1,0,0,0,0,1,0,0,0,0,1,0,0,1,0,0,0
24.45245298203078,32.04732643059422,61.182765533278335,2.6124036893343607,2.756552364995395,82.10653866961474,62.02188281906052,0,0,0,0,0,0,0,1,0,1,0,0,0,1,0,0,0,1,0,0,0,0,0,0
31.114803027961504,32.565348530925355,83.47649233515972,9.58913262462643,2.609347353862548,67.75438949030439,95.23500956828224,0,0,0,0,0,0,0,1,0,0,0,1,0,0,0,0,0,0,0,0,0,0,1,0
22.64856494972964,27.71267848388651,57.85369242932308,5.561442603858834,2.8522556822804663,93.5137778603652,35.352912067748555,0,0,0,1,0,0,0,0,0,0,0,0,0,0,0,1,0,1,0,0,0,0,0,0
26.38619839894011,33.33474865520576,52.03194411668162,9.464205765266758,0.4677223732315533,67.80224108624614,9.739643701602477,0,0,0,0,0,1,0,0,0,0,0,0,0,0,0,1,0,0,0,0,0,0,0,1
26.498947132008176,31.57355556276121,87.16498065245537,6.536723263688616,3.4129063049300354,69.1934932593687,48.2718659094054,0,1,0,0,0,0,0,0,0,0,1,0,0,0,0,0,1,0,0,0,0,0,0,0
29.626072855291177,25.24422116652356,55.75579325445886,9.539333621170888,3.28058414077119,84.67091664890344,21.454711870977626,0,0,0,0,1,0,0,0,0,0,1,0,0,0,0,0,0,1,0,0,0,0,0,0
25.639093576092023,32.08934835154928,84.23394986645357,4.404622986780645,1.896548268877798,50.95829871150468,29.309296078279036,1,0,0,0,0,0,0,0,0,0,0,1,0,0,0,0,0,0,1,0,0,0,0,1
24.37648240111537,30.93394374656268,52.115356549713646,8.267874169583212,0.691648381844237,51.30604145905226,22.25434865089713,0,0,0,0,0,0,1,0,0,0,0,0,0,0,0,1,1,1,0,0,0,0,0,0
24.389808399853468,31.24852863673889,93.64618038168,2.73285453177876,1.6376026989133818,54.427761420719214,70.36829877233947,0,1,0,0,0,0,0,0,0,0,0,0,0,0,0,1,0,0,0,0,0,1,1,0
22.981441836045214,33.65657862435077,59.95512840707199,3.830815642348629,1.555955828269186,75.8971750760926,49.94247394250104,0,0,0,0,0,0,1,0,0,0,0,1,0,0,0,0,1,0,0,0,0,1,0,0
31.116618075226693,25.78685340772349,57.97337962694237,5.78991847626552,3.793653650591693,85.20461390376796,19.425532837671376,0,0,0,0,0,0,1,0,0,0,0,0,0,0,1,0,0,1,0,0,0,0,0,1
28.740690372238294,27.45559804887158,53.59624314986844,9.600586879501746,1.8860524526321345,62.22694920696117,52.35605088043137,0,0,1,0,0,0,0,0,0,0,0,0,0,1,0,0,0,0,0,1,1,0,0,0
28.479465040212247,34.2203690959411,76.87529628835279,9.387297918772584,1.4997895592743138,74.75221217938433,82.28186413517719,0,0,0,0,0,0,1,0,0,1,0,0,1,0,0,0,0,1,0,0,0,0,0,0
25.52375863495184,35.208118694983966,51.522079062201904,4.769701810589732,2.9840668175601213,82.24569720291126,48.65606972046085,0,0,0,1,0,0,0,0,0,0,1,0,0,0,0,0,1,0,0,1,0,0,0,0
27.61434414224807,34.34213187889472,55.74233307443809,7.436284160224875,4.192048947420727,59.7592190210847,5.408171154219065,0,0,0,1,0,0,0,0,0,1,1,0,0,0,0,0,0,0,0,0,0,0,0,0
23.623178078574774,26.7038278778738,69.40604735929315,4.465129616707348,1.5666667236599636,69.56824576674978,25.152945407832327,0,0,0,0,0,0,0,1,0,0,0,0,0,0,1,0,0,1,0,0,0,0,1,0
26.842705523877317,27.864932227959983,81.30196822290796,9.771734013410445,4.430919888456192,99.91846788502887,62.46969701718452,0,0,0,0,1,0,0,0,0,0,0,0,0,0,1,0,0,1,0,0,0,0,0,0
31.074181685512883,25.333948732005908,76.05782792597365,6.298654304399554,4.989609926421808,59.49679930189653,37.266536360519055,0,0,0,0,0,0,1,0,0,0,1,0,0,0,0,0,0,1,0,0,0,0,0,0
31.437007464013156,25.14549550288828,84.34376460843973,3.4416088675769787,4.1850991052148,72.21759981282938,40.39271751177,0,0,1,0,0,0,0,0,0,0,0,0,0,0,1,0,0,1,1,0,0,0,0,0
28.132400602913016,35.87496774067096,72.5746676285219,3.879893177877089,1.6812642802778166,56.141768982706914,94.26780797322364,0,0,0,0,1,0,0,0,0,0,0,0,0,1,0,0,0,0,0,0,1,0,1,0
25.664539109906297,30.2079340416509,82.165022155646,9.366357462717838,2.943767544945264,73.97104140108081,30.03142344853961,0,1,0,0,0,0,0,0,0,1,0,0,1,0,0,0,0,0,0,0,0,0,0,0
27.45020936049705,26.950691033806116,66.11164178911724,5.826528862301003,0.0612219812250292,69.67466990482738,62.96235769822655,0,0,0,1,0,0,0,0,0,0,0,0,1,0,0,0,0,1,0,1,0,0,0,0
29.26906002017772,25.409577417848052,70.76746115809699,9.83895699975688,2.7975352763900805,95.0548071054436,18.58390960986401,0,0,0,0,0,1,0,0,0,0,0,1,0,0,0,0,0,0,0,0,0,0,1,0
29.53164185883194,27.831102979405618,98.8224611525384,5.837243768968219,4.205780800439066,83.63120403973873,75.09695033559346,0,0,0,0,1,0,0,0,0,0,0,1,0,0,0,0,0,0,0,1,0,0,0,0
30.99183470277042,25.469429567049872,80.09692065190157,6.118963933570926,2.857517270288139,99.68384387735814,46.76499597666635,0,0,0,1,0,0,0,0,0,0,1,0,0,0,0,0,1,1,0,0,0,0,0,0
23.33839834380601,25.35771132833068,53.30619856541327,8.548315806439412,2.312324741075249,78.00617211041076,21.245172342166963,1,0,0,0,0,0,0,0,0,1,1,0,0,0,0,0,0,0,0,0,0,0,0,0
28.824439349531517,26.413767514871054,70.8115909738428,8.373684624430673,0.9052913891416804,69.38892344895848,77.29194099823381,1,0,0,0,0,0,0,0,0,0,0,0,1,0,0,0,0,0,0,0,1,0,0,1
29.508539202205483,31.82051351932429,65.2488491078299,2.5591029990836724,0.4917632842740826,76.84921060407962,8.66435015174426,0,0,0,0,0,1,0,0,0,1,1,0,0,0,0,0,0,0,0,0,0,0,1,0
23.24769096450699,31.656342488933088,67.87860567828976,4.789750547679045,1.504260697753565,76.60174501161589,42.79352980468527,0,0,0,1,0,0,0,0,0,0,0,1,0,0,0,0,0,0,0,1,0,0,0,0
31.553242270524212,28.07083992041598,69.92356973181508,5.515847608637146,2.201956052638848,70.16017579941825,49.40497278148685,0,0,0,0,0,0,0,0,1,0,1,0,0,0,0,0,0,0,1,0,0,0,0,0
26.338647268430663,26.905393172823818,94.54456390932936,5.517240790678546,4.285216651084463,57.24705073591526,68.14859309878611,0,0,0,0,0,1,0,0,0,0,0,0,0,0,1,0,0,0,0,0,0,0,0,1
22.992441481867036,29.73620149333299,88.66494443856374,4.664659021051391,2.765633606909526,87.87145998674869,6.569582928347051,0,0,0,0,1,0,0,0,0,0,1,0,0,0,0,0,0,0,0,1,0,1,0,0
27.522665891496235,33.88712216931676,55.45890271310469,1.7472466990592537,0.3844978040497898,98.45082575492737,43.51650846561205,0,0,0,0,0,0,0,0,1,0,0,0,0,0,0,1,0,0,0,1,0,0,0,0
29.338542461973937,33.363946681792555,95.72907074233494,1.5570822344036306,2.014298706914168,67.18838953105306,73.76457661946118,0,0,0,0,1,0,0,0,0,0,1,0,0,0,0,0,0,0,1,0,0,0,0,0
30.929589269411192,26.45260323308682,76.70773501013637,6.854897484277624,1.0965483224030614,62.234421969680575,75.21724988018494,1,0,0,0,0,0,0,0,0,0,0,1,0,0,0,0,0,0,1,0,1,0,0,0
22.6322072663628,32.51108702010804,53.22516335769868,5.389116289844195,2.0988300149542747,62.49247957912107,16.883868658736457,0,0,1,0,0,0,0,0,0,1,0,0,1,0,0,0,0,0,0,0,0,1,0,0
26.216226718840858,30.37430189494122,94.9018138679303,1.894091486870084,0.9030973028320556,67.66323653483491,38.92432012601882,0,1,0,0,0,0,0,0,0,0,0,0,0,0,1,0,0,0,0,0,1,0,0,1
24.666376784647564,27.916106666569,66.83227501624006,9.241859055053416,1.8719549841327805,61.15231252557136,35.87628453861507,0,0,0,0,0,1,0,0,0,0,0,0,0,0,0,1,0,0,0,1,0,0,1,0
22.26921887036277,27.547003658472693,91.04207798727752,6.776446149529429,4.872568784397191,76.61319686344916,47.517545713081525,0,0,0,0,0,0,0,0,1,0,0,0,1,0,0,0,1,0,0,0,0,0,0,0
27.668948280914307,33.45794221784937,69.41650752881209,6.800858907213851,2.1171619810978397,59.2541835731677,83.01985661273288,0,0,0,1,0,0,0,0,0,1,0,0,0,0,1,0,0,0,0,0,1,0,0,0
24.656320597167348,35.63691831016606,71.06757761542217,4.230478876211416,0.8812838119936361,78.56149887762038,12.751439232788542,0,0,0,0,0,0,0,1,0,0,0,0,1,0,0,0,0,0,1,0,0,0,0,0
27.07564531771254,25.99131609646347,54.4874283866477,4.821738381004073,2.2258640031071857,74.38847703801228,74.77330531258319,1,0,0,0,0,0,0,0,0,1,0,0,1,0,0,0,0,0,0,0,0,0,0,1
26.14881675859553,35.6983386760478,91.90066468639164,6.405691488448265,4.553874496845923,56.55714978056386,2.726064489789015,0,0,0,0,0,0,1,0,0,0,0,0,1,0,0,0,0,0,0,0,0,0,1,0
26.048491153995087,27.32741639120153,50.86397645892496,6.874509686607086,1.165002762363191,57.30574258060192,63.16193366360074,0,1,0,0,0,0,0,0,0,0,0,0,0,0,1,0,0,0,0,0,0,1,0,0
27.233228221066163,35.896357877789924,94.51986610159597,3.481195705435512,3.2528602372118103,51.23066767861827,33.28301184000425,0,0,0,1,0,0,0,0,0,0,0,0,1,0,0,0,1,0,0,1,0,0,0,0
23.428355110778764,31.64455310368006,69.1407673608882,3.1759506159460225,4.1318720846924375,98.40542596687408,4.168580922898024,0,0,0,0,1,0,0,0,0,0,0,1,0,0,0,0,0,1,0,0,0,0,0,1
27.157898541498906,32.248775226875146,55.541781593030535,6.629321965132782,2.3669020326580954,77.23791665872615,3.296705586036241,0,0,0,0,0,1,0,0,0,0,0,0,0,1,0,0,1,0,0,0,0,1,0,0
26.85582524976231,26.290655374767244,89.16924728242836,5.147066781022332,1.1766222088867346,59.77271194355056,75.90777291674739,0,0,0,0,0,1,0,0,0,1,0,0,0,1,0,0,0,1,0,0,0,0,0,0
24.54858088780588,34.72248866257835,89.88887748066458,1.1660045080339136,0.7365427875063663,91.6632589516395,71.96274153684254,0,0,0,0,0,0,0,0,1,0,0,0,0,0,0,1,1,0,0,0,0,0,0,0
22.95402670548881,29.44580154332733,53.10354743549988,3.300142500242225,4.559331509729564,61.120055100002105,41.92196846372733,0,0,0,1,0,0,0,0,0,0,0,0,0,1,0,0,0,0,1,0,1,0,0,0
26.59840878477692,32.59111633755447,91.4064473433209,5.871809679165234,1.0663672470386572,97.58259169740305,10.38093890378855,0,0,0,0,0,0,0,0,1,0,0,0,1,0,0,0,0,0,0,0,1,0,0,1
24.142687348624232,34.64152059950813,92.77378156749025,7.318257536983845,1.0986381941916137,81.92063249525546,38.513667977964026,0,1,0,0,0,0,0,0,0,1,0,0,0,0,0,1,0,0,0,0,0,0,0,0
22.920077777548045,31.90285995210182,86.7424137595867,1.5258703601385268,1.938951293036686,89.86936547569633,7.603579423683115,1,0,0,0,0,0,0,0,0,0,0,0,0,1,0,0,1,0,1,0,0,0,0,0
31.445093058339676,27.671837450774664,60.69157637764165,2.6790794671531923,0.3838615196562384,65.6863220118672,70.43018363065569,0,0,1,0,0,0,0,0,0,0,0,1,0,0,0,0,0,0,0,0,0,0,1,1
22.429761964729344,34.52736044609585,81.66045243139105,2.610513963305526,3.653032479187526,55.20194046813805,93.14368370793362,0,0,0,1,0,0,0,0,0,0,0,0,0,0,1,0,0,0,1,0,0,0,0,0
25.454251523818947,33.066379601733814,93.29150336709296,9.499049323478312,0.1536738824093558,72.2769187336101,94.3738814251354,1,0,0,0,0,0,0,0,0,0,0,1,0,0,0,0,0,0,0,0,0,0,1,1
26.579615258569053,30.75379150118036,72.13443323945474,7.613442799990249,3.9073510814134327,60.54762544425965,83.23731547861996,0,0,0,1,0,0,0,0,0,0,0,0,0,0,0,1,0,0,1,1,0,0,0,0
24.79982917014461,32.23739938298923,58.136499644474064,2.7596793957750223,2.393390574268517,58.89499914283415,9.403327275038054,0,0,0,0,0,0,0,1,0,0,0,0,1,0,0,0,0,0,0,0,1,0,0,0
24.86102272007773,26.759523746970576,83.51974345103606,5.497478261480605,0.9210001286488524,76.9842437659499,42.19427511667565,0,1,0,0,0,0,0,0,0,0,0,0,1,0,0,0,0,0,0,1,0,1,0,0
28.152036268570768,27.80766809953293,82.3620295964717,7.752038948077047,4.579070072757557,67.15975161564447,33.43174974468952,0,1,0,0,0,0,0,0,0,0,0,0,0,1,0,0,0,1,1,0,0,0,0,0
27.06790307338424,34.29021387819702,94.94325328549112,2.0430139450243145,3.720795259692827,87.62144962117097,26.43749407528315,0,0,0,1,0,0,0,0,0,0,0,0,0,1,0,0,0,0,0,0,0,0,0,1
22.36384295469725,35.14085725056525,72.36682229378194,6.877649360482342,1.3268770646957777,52.67092567015341,20.144788947072424,0,0,0,0,0,0,0,1,0,0,1,0,0,0,0,0,0,0,0,0,1,0,0,0
22.97230294877066,25.625018881037377,75.66842652054932,1.004913800663762,4.413604277476326,99.41124412704076,9.67068717499825,0,0,0,0,0,0,0,1,0,0,1,0,0,0,0,0,1,0,0,0,0,0,0,0
27.986991454018717,31.254147849128664,71.80267260028258,5.645006289723811,4.5675985287241145,87.30658230788711,1.7010722349932617,0,0,0,0,0,0,1,0,0,0,0,0,1,0,0,0,0,1,0,0,0,0,0,0
30.096108509907,28.728998353639557,58.31969531047663,4.7387259791666665,3.0658254881634788,57.86186381932573,95.22261376072296,0,0,0,0,0,1,0,0,0,0,1,0,0,0,0,0,0,0,1,0,0,1,0,0
25.480302074189616,34.1098600871766,84.5693105020373,5.748181649034539,3.2920762117127245,57.58038431419985,52.29100145917507,0,0,1,0,0,0,0,0,0,1,0,1,0,0,0,0,0,0,1,0,0,0,0,0
24.98170657365454,27.838876989907043,70.48419161356394,9.664884371192809,1.8110703271011108,58.99551380307139,7.695271588428443,0,0,0,0,0,0,1,0,0,1,0,0,1,0,0,0,0,0,0,0,0,1,0,0
30.131076736025413,29.26209424135234,96.07639112451731,8.606750341463107,2.011499249771612,59.47133517474748,55.5832547016461,0,0,0,0,0,0,0,1,0,0,0,0,0,1,0,0,0,0,1,0,0,0,0,0
24.698051460700263,30.06058989362959,96.36434704720403,2.577590915571491,2.8401766992245165,92.06866385973731,22.55112517267627,0,0,1,0,0,0,0,0,0,0,0,0,0,0,0,1,0,0,0,0,1,0,1,0
29.402662174145696,34.55559204283548,58.07363363023772,6.245956185042198,4.191895300778299,99.50128620378636,63.79119843924025,0,0,1,0,0,0,0,0,0,0,0,0,1,0,0,0,0,0,0,0,0,0,1,0
28.277113377371556,27.62911911973483,95.11638419477198,2.655429382390241,2.223838575984922,77.55192323087759,63.767883459452165,0,0,0,0,0,0,1,0,0,0,0,1,0,0,0,0,0,1,0,0,0,1,0,0
24.209276766380466,29.788869451973053,93.30141007634018,9.543145918925669,4.022830280357796,92.78483258187327,52.735748122276426,0,1,0,0,0,0,0,0,0,0,1,0,0,0,0,0,0,1,0,0,1,0,0,0
24.48115023992101,34.74706556645975,52.00281762721121,2.6226592109572047,0.7188690583152663,99.82602871178456,58.46115041956459,0,0,0,0,0,1,0,0,0,0,0,0,0,0,1,0,0,0,0,0,0,1,0,0
23.61930955851225,34.592862113331904,68.39621505650112,4.622990414711556,1.5066344731089338,78.82417815500845,74.7150765386177,0,0,0,0,0,1,0,0,0,0,0,0,1,0,0,0,1,1,0,0,0,0,0,0
31.138512402052477,32.04335525630788,82.40696425192337,6.706983660598924,1.966581236470995,55.220264387678895,83.15069162943884,1,0,0,0,0,0,0,0,0,0,0,1,0,0,0,0,0,0,0,1,0,0,0,0
23.52980647764577,26.35521696169028,82.93523782849633,3.279322857174886,0.0823777656264879,87.10079478160267,96.64673294073762,0,0,0,0,1,0,0,0,0,0,0,0,1,0,0,0,0,1,0,0,0,0,1,0
23.81780246891036,27.81810873457113,60.13864900375016,9.358476694688203,4.149560486765267,55.87579333510738,20.365670936680967,0,0,0,0,1,0,0,0,0,0,0,1,0,0,0,0,0,0,0,0,0,1,0,0
24.976889614845767,25.829655894817808,65.03404657451031,9.86380452618711,0.149021577108237,57.65641565925353,7.921733156240396,0,1,0,0,0,0,0,0,0,1,0,0,0,1,0,0,0,0,0,0,0,0,0,1
27.47679939491224,33.58323599693958,65.13575532591722,6.853378651797269,0.5620414188574968,77.1475044477187,32.31900405441501,0,0,0,0,1,0,0,0,0,0,1,0,0,0,0,0,1,0,0,0,0,0,0,1
26.112918016134486,29.356998951883124,71.29125732626255,8.775463148242935,4.341755206622823,71.27994981723504,51.14826196474424,0,0,0,0,0,0,1,0,0,0,0,0,0,0,0,1,0,0,0,0,0,0,1,1
27.606571292068114,27.171309352627603,70.96357172281259,3.929665661058445,1.5609812655642648,63.80967394191006,98.196934635646,0,0,0,0,0,1,0,0,0,0,0,1,0,0,0,0,0,0,1,0,0,1,0,0
24.35777981372543,26.349055921752974,96.38155134094924,7.851673020021469,3.064089308218198,85.0036957674883,1.334622313309719,0,0,0,0,0,0,0,1,0,0,0,0,1,0,0,0,1,0,1,0,0,0,0,0
26.953692504589217,34.91430897966927,92.36300542859324,4.669949494668952,1.7330032540445877,81.94430247732559,19.625789601621936,0,0,0,0,1,0,0,0,0,0,0,0,1,0,0,0,0,0,0,0,0,0,0,1
29.037909512636872,29.05038788511439,74.20847982249283,1.9901337426562664,1.1994990028193482,93.295579639861,22.15228676808526,0,1,0,0,0,0,0,0,0,0,0,0,0,1,0,0,0,0,0,1,0,0,0,0
25.74060258385025,27.863661386248985,64.17005133522389,3.294494383737129,2.453065167234321,86.99292859775156,12.384005299930324,0,0,0,0,0,0,0,1,0,0,0,0,0,0,0,1,0,1,0,0,0,0,0,1
27.20653198911052,33.26660155912683,80.10246174724077,2.285958850576424,2.1791682947243034,92.67784483779396,48.430642204238296,0,0,0,0,1,0,0,0,0,0,0,1,0,0,0,0,0,0,0,1,0,0,0,0
30.10030038484053,32.84014257291218,62.64967960702143,7.437513291399307,4.28027045229885,58.85068579965574,74.1692457683542,1,0,0,0,0,0,0,0,0,0,0,0,0,0,1,0,0,0,0,0,1,1,0,0
22.409277132534385,35.39013563881996,54.91337267353907,8.558370847466225,1.7151493248650351,61.0880080052261,0.9420166150285624,0,0,0,0,0,0,1,0,0,0,0,1,0,0,0,0,0,0,1,0,0,0,0,0
26.43343315441866,27.246154524239092,92.2859765228705,1.1148352431338209,3.6887019883309473,73.39005715714038,93.92834664951496,0,0,0,0,0,0,1,0,0,0,0,0,0,0,0,1,0,0,0,0,0,1,0,0
27.093328025930187,32.779522111909564,64.99090808301074,7.239192375096185,3.427216819802174,67.45549728641474,16.191151348138767,1,0,0,0,0,0,0,0,0,0,0,0,1,0,0,0,0,0,0,0,0,0,1,0
27.45582251179771,31.32981725303808,57.80927918290196,1.177470518232052,4.290224368069644,70.19569788579494,93.98581764901556,0,0,0,0,0,0,0,1,0,1,0,0,0,0,1,0,0,0,0,0,0,1,0,0
26.336882703498773,34.52217747195978,82.47170325190613,9.184523583917844,0.0823190250867939,90.4748578641468,79.76784927985076,0,0,0,0,1,0,0,0,0,0,0,0,0,0,1,0,0,0,0,0,0,0,1,1
24.27364545635055,33.837286386106484,90.3738317755908,8.95873319729266,0.2667487206920133,98.65081891436022,30.263597307799007,0,1,0,0,0,0,0,0,0,0,0,0,0,0,1,0,0,0,0,0,0,1,1,0
28.447115420396955,30.27217953660905,81.24678301146014,4.937493751241875,3.828243847608797,50.68245892295101,38.98997109880672,0,0,0,0,0,1,0,0,0,0,0,0,0,0,1,0,0,0,0,0,0,0,1,0
22.03897027700517,34.412019523199845,82.23358638397491,3.8075119012297702,2.890949194738667,62.38356293231844,69.01027120722709,0,0,0,0,1,0,0,0,0,0,1,0,0,0,0,0,0,0,0,1,0,0,0,0
23.98137045226968,32.859162599436644,86.7109446428849,7.760563612146965,2.1816968187142645,63.971019568955015,64.7928293579205,0,0,0,0,0,1,0,0,0,1,0,0,0,1,0,0,0,0,0,0,0,0,0,0
26.143999886606903,27.097343674905208,66.77591319535392,6.454364201789252,3.7126644559354816,83.60976237648194,6.527838042325495,0,0,0,0,0,0,1,0,0,0,0,0,0,0,1,0,0,0,1,0,0,0,0,1
27.556541316986102,34.30351801765318,63.40839919009843,2.4946077073473685,0.2831398348597141,62.184785064022606,60.694498629952,1,0,0,0,0,0,0,0,0,0,0,1,0,0,0,0,0,0,0,0,0,1,0,0
27.5317140493936,35.94516307709992,68.97227909368145,8.924913603347136,1.3819490041495874,93.82550793382876,82.14450598131423,0,0,1,0,0,0,0,0,0,1,0,0,0,0,1,0,0,0,0,0,0,0,0,0
31.37855213642178,27.908838807056934,68.46633517358623,6.998110830839537,3.192906298415807,94.09327790294502,71.71880231802817,0,1,0,0,0,0,0,0,0,0,0,1,0,0,0,0,0,0,0,1,0,0,0,0
27.41777048778669,29.08833630659149,97.85198260394928,6.555525464835449,4.674524403158145,85.89843547943258,65.36796036761784,0,0,0,0,1,0,0,0,0,0,1,0,0,0,0,0,1,0,0,0,0,0,0,0
27.82978478950059,34.12985628401571,73.69718490655109,5.12300950099894,3.869214728005406,63.32606753163167,39.19595907300988,0,0,0,0,0,1,0,0,0,0,1,0,0,0,0,0,0,0,0,1,0,0,0,1
23.63046090788361,30.07281201264974,55.384767877539176,6.829471967337876,2.8549258704334246,77.1575712949896,35.64164112722502,0,0,0,0,0,0,0,0,1,0,0,0,0,0,0,1,1,0,0,0,0,0,1,0
29.313328455726197,31.226625619999474,87.03136956766576,7.212014535088141,2.1713827648429183,54.56614764882388,99.46957305783512,0,0,1,0,0,0,0,0,0,0,0,0,0,0,1,0,0,0,0,1,0,0,1,0
25.017394678892483,30.46415707193959,65.7170695056569,8.908230372809841,2.7346075073000486,53.24715819367548,86.26429442512907,0,0,0,0,0,0,1,0,0,0,0,0,1,0,0,0,0,0,0,0,0,1,0,0
26.895685337741345,29.52127043141976,90.06784998715545,9.86417642906582,3.195362632445158,55.8815164314944,91.93630048077765,0,0,0,0,0,0,1,0,0,0,0,0,0,0,0,1,0,1,0,0,0,0,0,0
26.02623428691332,34.18757606343621,73.08834552261041,2.027495057041805,3.383701729272708,77.5782671499397,15.55021641351818,0,1,0,0,0,0,0,0,0,0,0,0,0,0,1,0,0,1,1,0,0,0,0,0
30.79983328311023,25.82882545507665,86.36088791936538,6.151637499671397,2.6345862722017284,89.8359244833888,60.83836496180452,0,0,0,0,0,0,0,0,1,0,1,0,0,0,0,0,0,1,0,0,0,0,1,0
28.528417596823576,27.38297167880685,71.44057149043834,1.100022590579099,1.0474126471856255,53.11549433646185,24.22100204377709,0,0,1,0,0,0,0,0,0,0,0,0,0,0,1,0,0,1,0,1,0,0,0,0
30.645409790976984,33.1235029529851,82.35643235863546,1.1236583364654118,2.204982903449437,51.45721661139602,5.183602359528184,0,0,1,0,0,0,0,0,0,0,0,0,0,0,0,1,0,0,0,1,0,1,0,0
30.18616505572464,34.87684178261806,91.84141265375722,2.160547056409262,4.361623847241629,70.64425423417366,19.035058298752915,0,0,0,1,0,0,0,0,0,0,0,0,0,0,1,0,0,0,0,0,0,1,1,0
28.467489258444147,30.497651920341035,55.97027490777103,2.449783139355574,4.217495989841047,67.44198373125664,42.80946696871168,0,0,0,0,0,0,0,0,1,0,0,0,0,0,1,0,0,0,0,0,0,0,0,1
26.499506019146278,27.320608509357136,87.59279659032929,7.856482336569897,1.4200158960198133,67.24515725905252,6.40423732228288,0,0,0,0,1,0,0,0,0,0,0,1,0,0,0,0,0,0,1,0,0,0,0,1
29.950129160992763,35.30331199679637,76.89517950243365,5.617935311334202,3.968555128494055,98.37653454114874,67.25691678662959,0,0,1,0,0,0,0,0,0,0,0,0,1,0,0,0,1,0,0,0,0,0,0,0
22.856176315008558,32.7306233383304,55.7865955010617,5.073816217590946,1.3668447822032297,79.48334942493116,78.54426693204879,0,0,0,0,0,0,1,0,0,1,0,0,0,0,1,0,0,0,1,0,0,0,0,0
22.46728342388924,34.1995257843586,56.04925761424048,1.814126524950468,1.5933631885485091,69.00172974063803,89.30001525900715,0,0,0,0,0,1,0,0,0,0,0,0,0,0,1,0,0,0,0,1,0,0,0,0
25.108200061733,32.53275232930667,56.5904914215222,8.685529568490118,3.8556943579757257,60.7063161628527,49.27830803022847,0,1,0,0,0,0,0,0,0,0,0,0,0,0,0,1,0,1,0,0,0,0,0,0
24.93645722304719,31.295048100818008,96.7615675097656,4.191987309919823,0.7062069272992655,70.68331506778921,25.39822872838833,0,0,0,0,1,0,0,0,0,1,0,0,1,0,0,0,0,0,0,0,1,0,0,0
27.66602205980065,27.135671984464786,55.92137775973379,7.106595643230444,1.977542652912836,89.71083093008846,98.13094366933892,0,0,1,0,0,0,0,0,0,0,0,0,0,0,1,0,0,0,0,0,0,0,0,1
28.9842222004142,33.551391273209354,84.35399851910128,7.833067227596641,1.8454057674940891,90.81925453920556,41.38342176056027,1,0,0,0,0,0,0,0,0,0,0,0,1,0,0,0,0,1,1,0,0,0,0,0
22.912954748219367,29.480656024852657,67.14422846651694,9.230989495634828,3.917995933103324,63.6380009619918,5.276685733551966,0,0,0,0,0,1,0,0,0,0,0,0,0,0,1,0,0,0,1,0,0,1,0,0
23.84148215555968,26.175450798301647,63.87178157447054,1.0422004752097742,3.824068788345607,67.12705953308556,46.15083799742411,0,0,0,0,0,0,1,0,0,0,0,0,0,1,0,0,1,0,0,0,0,1,0,0
27.970051235938836,25.366968515106127,51.66713026688898,2.7663736119333704,0.434440728973634,96.29353500862923,19.571544938993256,0,0,0,0,0,1,0,0,0,0,0,0,0,0,0,1,0,1,0,0,0,0,0,0
22.18369279805219,25.82473665027671,71.49115619516076,3.1697223242969788,2.48172326334658,67.61675557689976,17.0558127775033,0,0,0,0,0,0,0,1,0,1,1,0,0,0,0,0,0,0,0,0,0,1,0,0
30.431283874929196,31.045122652139725,82.70087000338778,4.174073720217322,0.4735256539829141,71.9326598500327,78.6128499254693,0,1,0,0,0,0,0,0,0,0,0,0,0,1,0,0,0,0,0,1,0,0,0,0
27.599257812248517,28.853195319999227,82.92801873820022,3.9265721797202233,3.590545176897357,95.6338675203617,97.09851046096122,0,1,0,0,0,0,0,0,0,0,1,0,0,0,0,0,0,0,0,1,0,0,0,0
26.559428872748622,33.63655789347945,92.8394386545476,8.238494338040441,4.904499266873819,87.49900039882604,48.40425365403932,0,0,0,1,0,0,0,0,0,0,0,0,0,0,1,0,0,0,0,0,0,0,1,1
23.242372354408317,31.155232189426265,64.19145625674247,9.466141122149835,2.6509034130568527,96.90914777739654,2.837604723387388,0,0,0,0,0,1,0,0,0,0,0,1,0,0,0,0,0,0,0,1,0,0,0,0
25.033809288853924,28.283201944992182,50.691497016119705,7.392755671887114,0.6633115852211574,87.68786815446313,94.25660262428664,0,0,0,1,0,0,0,0,0,0,0,0,0,1,0,0,0,0,0,1,0,0,0,1
22.0674387589815,33.58664302141619,94.31277614467832,1.944715449581373,1.7884063671255557,74.61815493860506,18.84825838093621,0,0,0,1,0,0,0,0,0,0,0,0,0,0,1,0,0,1,0,0,0,0,0,0
25.490729077866977,29.76470184655422,93.56406469903752,2.5918889454370557,3.003344078350925,91.05590686104232,92.67176753556971,0,0,0,1,0,0,0,0,0,0,0,1,0,0,0,0,1,0,0,0,0,1,0,0
30.81075443807836,32.33730716904876,78.19141639356718,9.417401261466305,4.683097496498831,74.67925376685034,48.56955712790664,0,0,0,0,1,0,0,0,0,0,0,0,0,0,0,1,0,0,1,0,0,0,0,0
25.668165920021707,27.453396158298013,78.65949533229346,7.183850159097585,4.399462911393811,66.53196391058219,92.10817998824602,1,0,0,0,0,0,0,0,0,0,1,0,0,0,0,0,0,0,0,0,1,0,0,0
28.12344567777704,28.47531456286793,81.44478289223248,7.151399852450264,4.243025641767369,80.7313548831685,89.26521697748905,1,0,0,0,0,0,0,0,0,1,0,0,0,0,1,0,0,1,0,0,0,0,0,0
25.091962273660897,31.37758951703949,75.4289947564126,2.4275465060594748,4.787238017362562,50.68556770497033,90.40232997675255,0,0,1,0,0,0,0,0,0,0,0,0,0,0,1,0,0,0,0,1,0,1,0,0
28.29008236907113,35.85507921202048,95.69436566861567,4.008050569213708,3.502946754898517,91.26372715528215,88.13485415815934,0,1,0,0,0,0,0,0,0,1,0,0,0,0,1,0,0,0,0,0,0,0,0,0
24.07042059349597,34.00889405401015,96.83561638650752,8.299348597471331,4.672320363346839,85.78542065367134,94.51286559231852,0,0,0,0,0,1,0,0,0,1,1,0,0,0,0,0,0,1,0,0,0,0,0,0
27.239841208989564,33.83049276790441,89.56150737579146,9.523966291722044,2.531063536311899,84.78188778541042,83.0030738892195,1,0,0,0,0,0,0,0,0,0,0,0,0,1,0,0,0,0,0,1,0,0,0,0
24.066836364789605,30.61604059339292,82.66534448941869,8.45589769399703,3.990943823902593,56.20074189870997,56.73196762066287,0,0,0,0,0,0,0,0,1,0,0,0,0,0,1,0,0,0,0,1,0,0,0,1
27.756502332116334,35.73282421428209,79.56308363077926,6.9508943393747264,3.718525413382828,56.36794579791683,81.59249596449173,1,0,0,0,0,0,0,0,0,0,0,0,0,0,0,1,1,0,0,0,1,0,0,0
26.08814782533983,35.619605499906775,88.38161126995175,8.949525606289624,2.606753116134394,60.49272117353483,66.19753198556275,0,0,0,0,0,0,0,0,1,0,0,1,0,0,0,0,1,0,0,0,0,0,0,0
22.61491850781987,27.69884039521206,98.98831387405482,5.59226213057151,0.3411721648721577,83.49485633300868,62.09837590811191,1,0,0,0,0,0,0,0,0,0,0,1,0,0,0,0,0,0,0,0,0,0,0,1
25.332967221791225,27.834420395817173,71.09999202436676,6.237942071088764,0.0868972132276985,71.59820687396493,22.777727426464143,0,0,0,0,1,0,0,0,0,1,1,0,0,0,0,0,0,0,0,0,0,0,0,0
22.02340031949605,25.28458990230263,71.07472096961061,1.0803831337200216,0.8816919152350366,93.66958797557722,26.642892690568,0,0,0,0,0,0,0,1,0,0,0,0,0,0,0,1,0,0,0,0,1,0,0,0
22.760095745166623,25.493896498310452,87.2774868399485,8.876280014967275,3.961480794355072,62.46109236019092,81.86200681651486,0,0,0,0,1,0,0,0,0,0,1,0,0,0,0,0,0,0,0,0,0,1,0,1
27.913539492720517,31.999844342882213,92.02764496043682,4.261998298178118,0.2416276521587745,73.31166682681697,96.2174660646724,1,0,0,0,0,0,0,0,0,0,0,0,0,0,0,1,0,0,0,1,0,0,0,0
28.145282490890807,28.05777164484343,92.37451474130476,3.6021320201102416,4.263684367503272,56.909560911108734,98.20584749125489,0,0,0,0,0,0,0,0,1,0,0,0,1,0,0,0,1,0,1,0,0,0,0,0
26.746359873033327,31.43683014277387,73.9166896499839,8.417023069570154,0.4501186580509508,51.11432369255692,12.422583532521102,0,0,0,1,0,0,0,0,0,0,0,0,0,1,0,0,0,1,0,0,0,0,0,0
26.708497952714414,25.979571926521285,61.56461015075338,8.930777498096639,1.9588838841162823,79.15614269449291,84.4239995982437,0,0,1,0,0,0,0,0,0,0,0,0,0,0,0,1,0,1,0,0,0,1,0,0
27.0736207970575,29.62365779811465,85.45105439558961,5.74159582969588,2.542846932505798,85.33924276238244,23.51759370163893,0,1,0,0,0,0,0,0,0,0,1,0,0,0,0,0,0,0,0,0,1,0,0,0
24.351505423741727,33.65043813392026,96.74240544012352,8.479161046123345,1.739229909203956,61.07534685703341,61.25996520949764,0,0,0,0,0,0,0,1,0,0,1,0,0,0,0,0,0,0,0,0,0,0,1,0
31.20997330072633,34.775895205801945,63.14513185169612,6.643269436558859,4.020270781510366,62.82517665977595,17.1181188209512,0,0,0,0,0,0,0,0,1,0,0,0,0,1,0,0,0,0,0,0,0,0,1,0
29.55441872390201,35.16651368340575,63.75607573338671,4.338613546094406,0.0922533293388777,92.21811518489848,84.68442040156962,0,1,0,0,0,0,0,0,0,0,0,0,0,0,1,0,1,0,0,0,0,0,0,0
30.88291908255551,32.40220496450013,82.73704156993301,4.17917604305236,3.666012600360486,61.35292285681116,9.45203054283892,0,0,0,0,0,0,1,0,0,0,0,0,0,1,0,0,0,1,1,0,0,0,0,0
28.947984488949796,30.211311189947665,86.71771098201705,5.875317705838299,0.3361469195465744,89.89798013499205,68.64995256263445,0,0,0,0,0,0,0,0,1,0,0,0,0,0,1,0,0,0,0,0,0,0,0,1
28.33462813455267,30.32138317589881,66.45890147054926,1.2799377228109332,3.8049397778330114,57.56387794520514,56.62078384974697,0,0,0,0,0,0,0,0,1,0,0,0,0,1,0,0,0,0,0,0,1,0,0,0
31.303675139903717,35.40803106149404,95.53341158367854,2.8293526932908843,0.47707106661247,66.00885717647537,36.14537255212701,0,0,0,0,0,1,0,0,0,0,1,0,0,0,0,0,1,1,0,0,0,0,0,0
28.611397107898043,25.45392982670993,55.03815909108119,3.4428505481170197,2.576150700075599,77.82282427386605,9.55771826342068,0,0,1,0,0,0,0,0,0,1,0,0,1,0,0,0,0,0,0,0,0,0,1,0
25.87289443351751,25.50035947228149,73.61116452474802,9.434857848153769,2.76789235555642,76.32059795823757,79.6569550191789,0,0,0,0,1,0,0,0,0,1,1,0,0,0,0,0,0,0,0,0,0,0,0,1
26.232799811527723,35.01961910896294,53.69649105645241,2.616248155748889,1.2638137406276837,90.01084285399067,25.05298584982496,0,1,0,0,0,0,0,0,0,0,0,0,0,0,1,0,0,1,0,0,0,0,0,1
30.579055257229548,26.552031785757976,92.66628425934186,2.877432123257639,0.6626476348021926,67.00689484752249,96.1102559651576,0,0,0,0,0,1,0,0,0,1,1,0,0,0,0,0,0,0,0,0,0,0,0,0
26.03811022290009,26.522797481357472,51.43536684878274,1.537598490871004,0.5869990321646285,64.85932621066115,36.04022352004883,0,0,0,0,1,0,0,0,0,0,0,0,0,1,0,0,0,1,1,0,0,0,0,0
31.068732095439213,28.55308282741237,70.77588041157846,9.0629376047009,0.69854601513481,80.90425109874288,30.76630772927124,1,0,0,0,0,0,0,0,0,0,0,1,0,0,0,0,0,1,0,0,0,1,0,0
30.05296562102675,25.08644337195642,69.3837071096048,3.992494451498119,1.3515401641394091,82.01628798279322,85.45647959677018,1,0,0,0,0,0,0,0,0,0,1,0,0,0,0,0,0,1,0,0,0,0,0,0
22.188947032430796,35.15343902761316,66.6706783050166,9.084215116887458,1.740933220864898,77.08527929152226,95.95531720157088,0,0,1,0,0,0,0,0,0,0,0,0,0,1,0,0,0,0,0,0,0,0,0,1
27.295510972950265,33.44741075837365,50.65298645976099,4.239604394424032,0.8794313308140544,97.27739868074414,2.8175189614193075,0,0,0,0,0,0,1,0,0,0,0,0,0,0,0,1,1,0,0,0,0,0,0,0
27.42994079895948,27.484070364606325,59.68022967920237,6.101298088640802,2.629281974309662,55.487977314242784,90.3670534735733,0,0,0,1,0,0,0,0,0,0,0,1,0,0,0,0,0,0,1,0,0,1,0,0
23.646240502053278,26.19557857107996,92.50053825890409,5.048264590504282,1.6858069501829085,68.13332612850508,83.26379790706515,0,0,1,0,0,0,0,0,0,0,1,0,0,0,0,0,0,0,0,0,1,0,0,0
29.58282771922464,31.74038319249238,72.87335143046755,6.513324022704978,1.2065464528945158,87.61657610766987,35.58913515269116,0,0,0,0,0,0,0,1,0,0,0,1,0,0,0,0,0,1,0,0,0,0,0,0
27.167532842651,25.996936043456017,72.04284766474964,4.689260458009379,2.8208713141620763,99.22710124517565,2.468391041045337,0,1,0,0,0,0,0,0,0,0,0,0,0,0,1,0,1,0,0,0,1,0,0,0
26.843157905123064,33.3789850462737,69.98152170955039,6.181516347470625,2.849915428521906,76.10211032294933,5.621819488562418,0,0,0,0,0,0,0,0,1,1,0,1,0,0,0,0,1,0,0,0,0,0,0,0
22.43270821025937,33.42118188982343,91.87527623234335,3.925974079920684,0.3852616823594618,81.61167464645857,7.325404748078057,0,0,0,0,0,0,0,0,1,0,1,0,0,0,0,0,1,0,0,0,0,0,0,0
22.716400204117413,34.09030496051252,73.78886382342523,8.84635870160419,2.470520320389094,54.01494536368174,28.66160384268307,0,0,0,1,0,0,0,0,0,0,1,0,0,0,0,0,0,0,0,0,0,0,1,0
30.1676760151732,29.697856106197182,56.094194818903546,4.259245628569293,0.6474952382952454,59.811669496997126,47.51381437380715,0,0,0,0,0,1,0,0,0,0,0,0,0,0,1,0,1,0,0,0,1,0,0,0
26.45700340934343,34.61617439441978,71.37609964678556,6.176582440340451,0.7741658906241988,51.09224212043137,43.06268749460506,0,0,0,0,0,0,0,1,0,1,1,0,0,0,0,0,0,0,0,0,0,0,1,0
29.302266555681324,29.03477224445262,60.79887192636706,4.535447715346463,2.901779214943524,87.84056533893656,16.317679316248668,0,0,0,0,1,0,0,0,0,0,0,1,0,0,0,0,0,0,0,0,0,0,1,0
27.4007658444208,29.74578920461383,69.8238404120014,4.666022346902231,2.458267110190926,93.41821369845808,33.268546360940896,0,1,0,0,0,0,0,0,0,0,1,0,0,0,0,0,0,0,0,0,1,0,0,0
25.50934322934264,32.950315638573485,59.22380072063237,4.476008334610023,0.8534268880292739,64.18313435672295,92.95748674852696,0,0,0,0,0,0,1,0,0,0,0,0,0,0,0,1,0,0,0,0,0,0,1,0
29.258733511149316,27.01891527466241,52.84952257403023,2.715283683320426,3.665545663693633,51.18740952726628,49.3077847025066,0,0,1,0,0,0,0,0,0,0,0,0,0,0,1,0,1,0,0,0,0,0,0,0
22.83116267970863,28.491439283522134,91.12879792993076,6.258706412648537,2.0061867803851774,66.19851154262632,23.44127497905624,0,0,0,0,0,0,0,0,1,0,0,1,0,0,0,0,0,0,1,0,0,1,0,0
25.89595126772835,29.855254530707704,67.87192136858619,4.875996017363662,1.869210587845016,91.51097161674284,26.865600375631917,0,0,0,0,1,0,0,0,0,0,1,0,0,0,0,0,0,0,0,1,0,0,0,0
31.342208632121725,25.97401686688458,65.04231125661285,3.785586998198857,3.823812544071609,98.57953257270977,94.96804709628016,0,1,0,0,0,0,0,0,0,0,0,0,0,0,0,1,0,0,1,0,0,0,1,0
22.23766526623077,33.84941737654896,55.84971979612087,7.038590876642869,2.6614504322532992,57.97842023639649,49.78793939508223,0,0,0,0,0,0,1,0,0,0,0,0,0,1,0,0,0,0,1,0,0,0,0,0
31.22563279707381,31.70957368299788,57.17303604748655,5.266219768798536,0.3165643692097658,98.68884624226578,71.88739596250471,0,0,0,0,0,0,1,0,0,0,0,0,0,0,1,0,0,0,0,1,0,1,0,0
29.74162820122042,33.46141981451952,90.17181571426411,7.019564009177518,4.644571142576491,60.50953958769879,22.147200210948657,0,0,0,0,0,1,0,0,0,1,0,0,0,0,0,1,0,0,0,0,0,0,0,0
28.456329666827493,27.331735925174243,89.52569313919733,8.322424201492645,3.369841483484412,88.84342594595023,28.120696043900374,0,0,0,1,0,0,0,0,0,0,0,0,0,0,0,1,0,0,0,0,1,0,0,0
22.974034270080264,32.068474915325694,88.42894507443903,8.835287410481033,1.930552675740798,71.85257146454742,72.89550779968992,0,0,0,0,0,1,0,0,0,0,0,0,0,0,1,0,0,1,0,1,0,0,0,0
25.19237112511217,25.82137682275078,91.94347545513884,2.0012218208124923,4.728219764506036,78.84702680923631,26.355958524535527,0,0,0,0,0,1,0,0,0,0,0,0,1,0,0,0,0,1,0,0,0,0,0,0
29.853345626318244,27.000176176420943,51.85173410835496,9.077885721595862,4.532984832244555,68.0498560315211,92.99856177012784,0,0,0,0,0,0,0,1,0,1,0,0,0,1,0,0,0,0,0,0,1,0,0,0
25.449077475817774,29.272740704427555,95.44059141285948,2.2840412997349104,1.0326975955350677,78.41809583521623,32.74974047510176,0,0,0,0,0,1,0,0,0,0,0,0,0,1,0,0,0,0,0,1,0,0,0,0
23.79874819425526,25.295207611109465,75.34543517506083,6.191221979798356,1.1548468830626537,90.75760743504168,44.71629574589284,0,0,0,0,0,0,0,0,1,0,0,0,0,0,1,0,0,0,0,0,1,1,0,0
26.87283217204527,26.683013695386794,58.21639851712477,1.935338268032216,2.1009815247014583,75.33923564546883,75.38512627970528,0,0,0,1,0,0,0,0,0,1,0,0,0,1,0,0,1,0,0,0,0,0,0,0
26.16174873992796,35.05512445736358,94.2079286848378,8.492897905520167,4.29368541005769,93.96838550486048,77.02593219097858,0,0,0,0,0,0,0,0,1,0,0,0,1,0,0,0,0,0,0,0,0,0,0,1
27.450904177145645,27.07445475772033,51.25053286591597,6.914106535136889,4.788051638245742,73.01218872742074,72.23390084559021,0,0,0,0,0,0,1,0,0,0,0,1,0,0,0,0,1,0,0,0,0,0,0,0
23.12657537743785,30.428705256250584,85.07688632586985,4.7177995500664025,3.703820957092791,75.36937826231551,60.39391264640119,0,0,0,0,0,0,0,1,0,0,0,1,0,0,0,0,1,0,0,0,0,0,0,1
24.723640824227616,29.01216406921087,82.31248177427214,2.228552419821929,0.6083858225757949,99.9533628138892,13.948719300400258,1,0,0,0,0,0,0,0,0,0,0,1,0,0,0,0,0,0,1,0,0,0,0,0
24.011242774578832,34.03425565347759,72.0497991871141,2.4789079344045337,4.350914966118963,85.70060880033265,87.68282931250775,0,0,0,0,0,0,1,0,0,0,0,0,0,0,0,1,0,0,0,1,0,1,0,0
26.915420263691622,29.39619135536015,62.66574976955846,1.0319559782927912,1.4708990908852688,54.07367076685118,34.561020991424584,0,0,0,0,0,0,0,0,1,0,0,0,0,0,0,1,1,0,0,0,0,0,0,0
29.498729776883938,35.06669812616967,63.36688828794584,6.174133953267169,2.131184371037693,73.02884132720953,86.18264360524702,0,0,1,0,0,0,0,0,0,1,0,0,0,0,1,0,0,0,0,0,0,0,0,1
29.717560929493025,29.1643722222958,74.03277761639796,8.801671077215733,4.936506391083684,92.5518592095519,84.12248166753996,1,0,0,0,0,0,0,0,0,1,0,1,0,0,0,0,0,0,0,0,0,0,1,0
23.293462235938595,33.464564211108936,56.78925889177185,2.827035936100164,3.3725646834945504,54.18647014154842,67.47253257451929,0,0,0,0,0,0,1,0,0,0,1,0,0,0,0,0,1,0,0,0,0,0,0,0
23.858055579413115,35.809578890235585,91.274181816433,3.448686211529305,4.239409784388354,76.36896127949566,12.419543883729132,0,0,0,0,0,0,0,1,0,0,1,0,0,0,0,0,0,0,0,0,0,1,0,0
29.05527652248658,26.043075652630723,63.94139512098222,7.400509626518216,4.082817436815746,55.46545918030801,15.115410681280473,0,0,0,0,0,0,1,0,0,0,0,0,0,0,0,1,0,0,0,0,0,0,1,0
28.760162359408927,28.665613108103617,71.94089782883474,4.918487052376365,3.2492396615118384,80.89742322227316,57.07950601350869,0,0,1,0,0,0,0,0,0,0,0,0,0,0,0,1,0,1,0,0,0,0,0,0
29.79089566838912,31.29525298119104,53.86350098329815,9.40952580846345,1.4260247345131716,81.1697529340957,88.44022749468905,0,0,0,0,0,0,1,0,0,0,0,0,0,1,0,0,0,0,1,0,0,0,0,1
30.192206700641048,35.97944973049212,84.458270234103,1.53151370228423,3.2844419893777808,80.69100093390836,64.45752532628217,0,0,0,0,0,0,0,0,1,0,0,0,0,0,1,0,0,0,0,0,1,0,0,1
30.80129429182809,30.347902269903013,86.34254418731814,2.381551576182477,2.827096555773943,56.955027635631296,29.847239824829,0,0,0,0,0,1,0,0,0,0,0,1,0,0,0,0,1,0,0,0,1,0,0,0
22.76387395545448,34.617301734054166,69.6580303472071,6.428664732670545,0.7303662323858529,94.74925942273164,75.76840370228457,0,0,0,0,0,0,0,0,1,0,1,0,0,0,0,0,1,0,0,0,0,0,0,0
29.328823353604527,33.87062306784597,83.51497239431414,9.497160224164256,4.000737350823872,95.00104914401253,59.51837535975301,0,0,0,1,0,0,0,0,0,0,0,0,1,0,0,0,1,0,0,0,0,1,0,0
31.48582038112317,27.28797534969605,62.23226677716909,4.563448928016024,0.0678229070634356,76.2555704229849,37.35410461229149,0,0,0,0,0,1,0,0,0,0,0,1,0,0,0,0,0,1,0,0,0,0,0,0
26.75779738978941,35.82474720672046,68.35299327380052,4.918629032605428,1.3354019191521471,81.9874079664578,48.256401069379294,0,0,0,0,1,0,0,0,0,1,0,0,0,0,0,1,0,0,0,0,1,0,0,0
23.80125479875132,32.513369802350255,69.67444804238713,5.2201806875635,3.819774112041964,60.14531559808904,59.8465759378067,0,0,0,0,0,0,1,0,0,0,1,0,0,0,0,0,0,0,1,1,0,0,0,0
24.0731336376696,35.958930375996,87.11598689161531,4.954799326453792,2.8337921080954347,78.06292945408146,11.667298283665671,0,0,0,0,0,1,0,0,0,1,0,0,0,0,0,1,1,0,0,0,0,0,0,0
30.473750707775046,26.89472949630989,65.52804944011636,9.115524618588696,4.1210683564680375,92.2085400023555,48.66541473601719,0,0,0,0,0,0,0,0,1,0,1,0,0,0,0,0,0,0,0,0,0,1,1,0
23.823186227749805,33.961417581623955,59.13210903314858,3.156725043539079,1.6976820563000985,85.07532635494898,38.54889058606567,0,0,0,0,0,0,1,0,0,0,0,0,0,0,1,0,1,0,0,0,0,1,0,0
22.229119665721772,35.844291992394325,51.97771704268719,3.372493710475443,0.7966263409887203,74.29190587371072,96.13748903992312,0,0,0,0,0,0,0,1,0,0,0,0,0,0,0,1,0,1,0,0,0,0,0,0
26.228649890308944,32.392308550790304,54.00176701710683,3.667756299146109,3.286353977336785,59.70566102772233,54.84636466556665,0,0,0,0,0,0,0,0,1,0,0,1,0,0,0,0,0,0,0,0,1,0,0,0
27.21496564972765,31.76857297996245,96.46666416096252,5.924345696946881,1.4675719556571472,84.14471639453984,76.91133151058534,0,1,0,0,0,0,0,0,0,1,0,1,0,0,0,0,0,0,0,0,0,0,0,1
30.80071573013789,30.262055600552998,77.07284558894216,9.276104718567757,1.0585438343798743,58.404363472178034,65.23739335185564,0,0,0,0,0,1,0,0,0,1,0,0,0,1,0,0,0,0,0,0,0,0,0,0
24.18755782371521,29.76160913876693,69.67340488707146,9.36579476263452,3.612947711378968,90.1865146802784,93.7275610538222,0,0,0,1,0,0,0,0,0,0,0,0,0,0,1,0,1,0,0,0,1,0,0,0
26.1722453557474,27.22102632144228,53.98771438662205,1.9447267195863864,0.1847331487319958,93.50946342931624,21.78099091872001,0,0,0,1,0,0,0,0,0,0,0,0,0,1,0,0,0,0,0,1,0,0,0,0
23.38574809431008,33.65994036320097,64.43404584417648,6.118216266887978,2.872117134180185,97.2507402911715,75.90492246830591,0,0,0,0,0,0,0,0,1,0,0,0,0,0,0,1,0,0,0,1,0,0,0,0
22.014175092514076,34.08331727397352,98.32072386124216,2.9044221746696506,3.304159351569711,65.83967164925554,61.31396327633246,0,1,0,0,0,0,0,0,0,0,1,0,0,0,0,0,0,0,0,1,0,0,1,0
29.149763235275067,34.40370393328119,89.93567937424646,3.106860306061804,0.693461311869526,78.30548940550203,50.76699636251227,0,0,0,0,0,0,1,0,0,0,0,1,0,0,0,0,0,0,0,0,0,0,0,1
30.19520528420717,26.130386552636097,87.12813568120974,5.604379412342479,0.9439058907720792,70.56704758622645,2.151203693994874,0,0,0,0,0,0,0,1,0,0,0,1,0,0,0,0,0,0,1,0,0,0,0,0
30.944807370553825,25.92671558761389,73.0583121164254,9.205832735133944,0.9375099356994716,57.54900694254045,31.818560776728237,0,0,0,0,0,0,0,0,1,0,0,0,0,0,0,1,0,0,0,0,1,0,0,0
27.37600380218081,30.390160934462106,58.14624669654546,8.351619228106731,0.1614931866222368,52.52208577316093,72.43322068622933,0,1,0,0,0,0,0,0,0,0,0,0,0,0,0,1,0,1,1,0,0,0,0,0
31.053918381012878,31.793896651261427,56.61197903746501,4.299555062704091,3.695401879979499,66.97910712311553,87.21730825154171,0,0,0,1,0,0,0,0,0,0,0,0,0,1,0,0,0,1,0,0,0,0,0,0
23.40575483424677,32.87753484980467,62.78465865303146,3.481591813018014,2.7625548446570325,90.35490595909572,64.07232073285152,1,0,0,0,0,0,0,0,0,1,0,0,0,0,0,1,0,0,0,0,0,1,0,0
24.10498027967407,34.04101069931683,82.12941695525302,3.803429944244513,0.3404902683443422,81.0974483666312,59.82293083575265,0,0,0,0,0,0,0,1,0,1,0,0,1,0,0,0,0,0,0,0,0,0,1,0
22.79563790552502,26.676366114071097,81.35174184976839,1.4987669888102246,2.27734492586833,89.21633612515899,28.810242233516515,0,0,0,1,0,0,0,0,0,1,0,0,0,0,1,0,0,0,0,0,0,0,0,1
27.692447329181764,26.443128703559843,92.64380273823608,6.746529785388241,4.490671601440808,69.4558895108528,8.514049465122287,1,0,0,0,0,0,0,0,0,0,0,1,0,0,0,0,0,1,1,0,0,0,0,0
24.62689425410504,33.539305595423635,88.64788002228136,2.273392329698776,3.062084072295259,86.26520764714707,54.96632722448337,0,0,1,0,0,0,0,0,0,1,0,0,0,0,0,1,0,0,0,0,0,0,0,0
30.145068291637905,26.794429267217,94.95023588299397,1.0068698865089745,2.202996166438309,94.62894186943088,80.35643246036737,1,0,0,0,0,0,0,0,0,1,0,0,0,0,1,0,0,0,0,1,0,0,0,0
23.019367824395985,29.64195181336113,86.64609892620311,5.623542059307235,3.704301334454804,73.59713140782559,62.345611383093335,0,0,0,0,0,0,0,1,0,0,0,1,0,0,0,0,1,0,1,0,0,0,0,0
29.58542883275996,33.79339616717186,59.27398485030908,1.5166666507720996,1.1510437838001208,55.213772540770655,53.758862578411815,0,0,0,0,0,1,0,0,0,1,0,0,0,1,0,0,0,0,0,0,1,0,0,0
26.773003737083958,31.653106147333546,59.99416849642044,8.915881980386564,2.138808100254273,55.746232414096426,13.895604574337773,0,0,0,0,0,0,0,0,1,0,0,0,1,0,0,0,0,0,1,0,0,0,0,0
28.02499304956136,35.57630121924832,56.81887962962872,3.1790923237223896,3.695928195005227,75.20988527561765,84.30981103575418,0,0,0,1,0,0,0,0,0,0,1,0,0,0,0,0,1,0,0,0,0,0,0,0
25.802192865475792,25.144767399839857,87.25817762994723,6.160066824939501,2.515942405494936,90.52490407520176,38.514070805784414,0,0,0,0,0,0,0,1,0,0,1,0,0,0,0,0,0,0,0,0,0,0,0,1
27.01344521771975,29.939490389093475,96.20482729057692,8.858671164860569,2.56804915731545,51.230810590354864,58.48547655175409,0,0,1,0,0,0,0,0,0,1,0,0,0,0,1,0,0,0,0,1,0,0,0,0
23.260889160712768,33.3364450575756,98.2657413148472,4.9036008495164864,4.4943489558837,97.61432797485068,42.91488250158682,0,0,0,0,1,0,0,0,0,0,0,0,1,0,0,0,0,0,0,1,0,0,1,0
26.845150539148307,28.348836284704092,77.34024902845874,2.5269050697684152,1.9870074087924885,83.24753526685078,81.36103472841299,0,0,1,0,0,0,0,0,0,0,0,0,1,0,0,0,1,0,0,0,0,0,0,0
25.44873497451727,35.819482029258495,92.43589669404383,8.109868529981133,4.3711141188275935,88.37264832945519,94.29423617422307,0,0,0,0,0,0,1,0,0,0,0,0,1,0,0,0,0,1,1,0,0,0,0,0
25.895083527782013,28.38722580988147,53.15072072746733,4.288669521762436,1.1048322957157486,73.52332090558319,7.565949471887102,0,0,0,0,0,0,0,0,1,0,0,0,0,1,0,0,0,1,0,0,0,0,0,0
25.98864052706158,26.04402152555259,92.2095836570573,1.2001469268989706,1.5058109529274128,63.71272884673891,33.7795558234221,0,0,0,0,0,0,0,1,0,1,1,0,0,0,0,0,0,0,0,0,0,1,0,0
30.22787651662212,29.245387179205835,59.7377949816529,1.169759071980443,4.890224617747042,63.33276749007924,93.46400019470629,0,0,0,0,0,0,1,0,0,0,0,0,0,0,0,1,0,0,0,0,0,0,1,1
24.518893532433804,28.67605033432869,84.2076718209766,8.930824265974026,3.189053405029443,90.4806815826918,59.39167458508544,1,0,0,0,0,0,0,0,0,0,0,0,0,0,0,1,0,0,1,0,1,0,0,0
23.921657987477133,34.476645432452685,93.6077734063181,5.794948171253136,2.201044673665079,65.96770352935543,15.195904842432771,0,0,0,0,0,1,0,0,0,0,0,0,0,1,0,0,0,1,0,0,0,0,0,1
26.678938436583216,34.07641469437719,57.913027177041634,3.640873127817172,2.701791435382342,74.19264764260548,87.22552042550106,0,0,0,0,0,0,0,0,1,0,1,0,0,0,0,0,0,1,0,0,0,0,0,0
22.31355089663981,34.83487272609554,66.581133237979,7.248168899742224,0.5270673337564913,82.23894938475817,74.22774492660734,0,0,1,0,0,0,0,0,0,0,0,0,0,0,1,0,0,1,0,1,0,0,0,0
24.62676508700063,30.22778323007484,75.10573974785903,2.588680373160124,2.2465547002521924,78.35636065616576,46.24299976175064,0,1,0,0,0,0,0,0,0,0,1,0,0,0,0,0,1,0,1,0,0,0,0,0
27.91151498998029,34.268890114309244,50.41019949672853,1.7417724015386384,0.6315997655236727,89.93093656469073,9.96389675393482,0,0,0,0,0,0,1,0,0,0,0,0,0,0,1,0,1,0,0,0,0,0,0,0
28.226898652849755,32.441697030000974,60.60836380460152,3.37510484543027,2.867235998122025,77.83460077994158,11.772193680551968,0,1,0,0,0,0,0,0,0,0,0,0,1,0,0,0,0,0,0,1,0,0,0,0
23.364764290863963,35.35812532105484,83.11342714474722,3.0344053682383523,0.8626551638742835,82.67747296477025,81.27464584595907,0,0,0,0,0,0,0,0,1,0,0,0,0,1,0,0,0,0,0,1,0,0,0,0
22.00190520352273,27.407854257666592,96.42059801468749,5.837861253089731,4.111592393279344,53.50721365222411,85.51300968496498,0,1,0,0,0,0,0,0,0,0,0,0,0,1,0,0,1,0,1,0,0,0,0,0
24.02127185551821,33.99872665432276,78.69339022404858,3.092175218842793,4.414064789519492,77.20851971320266,64.10129866729375,0,0,1,0,0,0,0,0,0,0,0,1,0,0,0,0,0,0,0,0,1,0,0,0
24.82216341330663,26.94881777520215,82.29033383282594,7.569648014909815,0.1198513826522779,85.21803786764681,87.51015564319331,0,0,0,0,1,0,0,0,0,0,0,1,0,0,0,0,0,0,0,1,0,0,0,0
29.19354321950381,35.44831333697583,84.12626026293037,8.189555526494111,0.5928051981882482,88.47861335773109,11.03263606632371,0,0,1,0,0,0,0,0,0,0,0,0,1,0,0,0,1,0,0,0,1,0,0,0
30.16724919128155,30.037359458439607,77.99767278844162,3.057547372382553,1.9830464946199773,97.27921527409536,93.08793293130596,0,0,0,0,1,0,0,0,0,0,0,0,0,1,0,0,0,1,0,0,0,0,1,0
28.68905207854501,33.07906600489987,73.30529242082164,5.090295495717971,1.4271921145150623,88.35310399270644,0.1148318155511862,0,0,1,0,0,0,0,0,0,0,0,0,0,1,0,0,0,1,0,0,0,0,0,0
25.98066707269085,34.01894031900715,85.43799984257186,1.4768775308362572,1.969105327244394,79.38869057138288,3.1256066569750995,0,0,0,0,0,0,0,1,0,0,0,0,0,0,0,1,0,0,0,1,0,0,0,0
24.277811953628117,34.92016728348279,56.04009373168712,6.371311640161391,3.558489237712954,93.19153392062236,83.0318228226965,0,0,0,0,0,0,1,0,0,0,0,0,0,0,0,1,0,0,0,0,0,0,1,0
31.28756804622633,35.95960425408431,56.65155555506841,7.460000660897202,1.176837011831458,71.14658186479191,64.63602373617829,0,0,0,0,0,0,0,1,0,0,0,0,0,1,0,0,0,0,0,0,0,1,0,0
27.969858934724577,34.106925797045754,82.10576833524502,5.033262022081996,2.274930685592001,69.9159831715472,98.069776992336,0,0,0,0,0,0,0,1,0,0,0,0,0,0,1,0,0,0,0,1,1,0,0,0
30.789558915684324,33.1450519582275,78.93715294585206,8.929376833180216,3.03866097294248,50.12263427350093,36.876544931091736,0,0,0,0,0,0,0,0,1,0,0,0,1,0,0,0,0,0,0,1,0,0,1,0
31.36038304129204,32.798436010450445,84.34539676740455,1.4352817511090956,1.350300981618816,65.69515546501049,41.53915707607935,0,0,0,0,1,0,0,0,0,0,0,0,0,1,0,0,0,0,0,0,1,0,1,0
27.091859419304303,32.24205493284522,96.64957262931966,2.3209379879147125,2.547734808471155,53.46990817495646,1.5139968957296968,0,0,0,1,0,0,0,0,0,0,0,0,0,1,0,0,0,0,0,0,0,1,0,0
29.97948749107884,30.37400822695066,97.60888981166563,3.977569352103387,0.4067730188306923,55.30886175658344,48.45701561350364,0,0,0,1,0,0,0,0,0,0,0,1,0,0,0,0,0,0,0,0,1,0,1,0
28.949522018069185,32.290093313733124,82.22154403967772,9.579744567179729,0.3625743376708829,99.4127986502033,99.65159129828722,0,0,1,0,0,0,0,0,0,0,0,0,0,0,1,0,0,1,1,0,0,0,0,0
27.870888691058656,28.19166094189236,51.024759397642434,7.765584253164941,1.4629715141210768,64.75734080862188,84.20090147224587,0,0,0,1,0,0,0,0,0,0,0,0,0,0,0,1,1,0,0,0,0,0,0,0
22.921708838453533,35.71031641679642,50.86732675623535,2.9616147257225145,0.3528198557753098,90.24912197549008,38.163448078966624,0,0,0,0,0,0,1,0,0,0,0,1,0,0,0,0,0,0,0,0,0,1,0,0
22.503381350267524,32.818141955481494,80.91874586199043,2.904805789292411,3.1267734336396606,62.5422029247358,61.5840921862652,1,0,0,0,0,0,0,0,0,1,0,0,0,0,1,0,0,0,0,0,0,1,0,0
23.23856354770349,25.927739778504357,60.61675635773904,8.299079456756932,1.2730023166081312,64.94402588943836,12.103324761608182,0,1,0,0,0,0,0,0,0,0,0,0,1,0,0,0,0,0,0,0,0,0,1,0
30.28555625611431,34.8003237340499,86.18923489152445,5.87669687101118,0.7967653046535628,79.56627865002433,10.124068632365358,0,1,0,0,0,0,0,0,0,0,0,1,0,0,0,0,0,0,0,0,0,1,0,0
24.39164362010635,29.494755643903886,83.90293021690535,7.780367036196083,2.74197488696868,70.8470056479205,21.621880168017206,0,0,0,0,0,0,1,0,0,0,0,1,0,0,0,0,0,1,0,1,0,0,0,0
26.159022076858022,34.76189538673715,55.70112637027606,3.4328684742478943,4.5139225843233,87.6877014172581,76.23878615777126,0,0,0,0,0,0,0,1,0,0,0,0,1,0,0,0,0,0,0,1,0,0,0,0
27.646637577755392,34.61707326794509,52.023829941167264,8.207953869012469,1.914212372199426,73.57811428415883,93.51075309910854,0,0,0,0,0,0,1,0,0,0,0,0,1,0,0,0,0,0,0,0,0,1,1,0
28.195892339419828,35.057292407451186,93.75903266087548,5.200823254769969,1.474662218568931,92.26177098377504,77.90137854277849,0,0,0,0,0,0,0,1,0,1,0,1,0,0,0,0,0,0,0,0,0,0,0,0
25.008377761876435,26.259279045235388,72.67369007454508,7.946646035330628,2.631636741316004,76.97223691853063,38.19710596537404,0,1,0,0,0,0,0,0,0,0,1,0,0,0,0,0,0,0,0,0,0,1,0,0
22.865212547520223,28.67861796513109,91.051437466112,7.527700992603759,2.006437772210521,90.95544656868704,45.2961754362171,0,0,0,0,0,0,1,0,0,0,0,0,1,0,0,0,0,0,0,0,0,0,1,0
25.982017725234105,25.97453950774412,89.7705191893071,6.001919451377633,3.4942588567860566,90.36161218416638,65.54682232732137,0,1,0,0,0,0,0,0,0,0,0,0,0,0,1,0,1,0,0,0,0,0,0,0
29.093095053009414,32.006992553318874,96.33203728374548,4.037511619127546,1.800582900696217,86.96646837320675,68.43584833071658,0,0,1,0,0,0,0,0,0,1,1,0,0,0,0,0,0,0,0,0,0,0,0,0
28.43845799892038,30.03003599887924,91.85095477469346,7.498256673995301,0.2063302789360227,62.70035938494211,0.8688070733800846,0,0,0,0,1,0,0,0,0,0,0,1,0,0,0,0,0,0,0,0,0,0,1,0
27.053848747974907,32.41237777750831,60.40477543851704,9.62809690534282,0.8079000461586394,78.48156229751407,58.78823348664667,0,0,0,0,0,0,0,1,0,0,0,1,0,0,0,0,0,1,0,0,0,0,0,1
23.275476955280112,31.419500755945204,56.65709092140101,7.213975788482333,3.692256743723581,68.7686894956084,46.00380221566539,0,0,0,0,0,0,1,0,0,0,1,0,0,0,0,0,0,0,0,0,1,0,1,0
22.009806712337305,28.24660436419052,50.0978830160952,1.4786594908893729,4.6166222109790045,89.15799042384245,35.06851402602385,0,0,0,0,0,1,0,0,0,0,0,0,0,0,1,0,0,1,0,0,1,0,0,0
23.053702388327547,30.674661242075267,88.18682738961695,3.779536567397452,1.2720148064271986,88.54627970196523,8.41116375790465,0,0,0,0,0,0,0,1,0,0,0,0,0,0,1,0,0,0,0,1,0,0,0,0
31.077512103842835,25.88165014909432,90.75492495530084,7.756725824310999,0.776583002876739,53.05782161443192,25.44717345763967,0,0,0,0,0,0,0,1,0,0,1,0,0,0,0,0,0,1,0,0,0,0,0,0
29.603668156502245,31.44801372256049,58.42480908572211,6.944653748099752,0.6172672215261515,87.22103323284719,66.54357879544015,0,0,0,0,0,1,0,0,0,0,0,0,0,0,0,1,1,0,0,0,0,0,0,1
30.308871725666798,33.117872386817034,92.32328845651544,9.084930843651678,0.6335977631498135,54.825049026832005,20.40756427612204,0,1,0,0,0,0,0,0,0,1,0,1,0,0,0,0,1,0,0,0,0,0,0,0
31.497287153193327,31.30869014382246,98.20896916009735,4.519654200342506,4.182040682653422,57.87169675722516,64.2575438902255,0,0,0,0,1,0,0,0,0,0,0,0,0,1,0,0,1,0,0,0,1,0,0,0
24.23525722753766,34.97191622731485,97.18675542455466,9.085783754479989,3.931890791049186,89.81100642717458,11.811856049109126,0,0,0,0,0,0,0,1,0,0,0,0,0,1,0,0,0,0,1,0,0,0,0,0
30.068322648693268,27.061628481411613,56.50699919393615,3.3375010408950008,0.2194457365702534,58.587638192676735,10.535019337093166,1,0,0,0,0,0,0,0,0,0,0,0,0,0,1,0,0,0,0,0,1,0,1,0
24.587379151657977,28.429268350757745,90.5480502873603,2.7287487693186097,0.6145410593876577,57.47018186126175,93.62751639644584,0,0,0,0,0,1,0,0,0,0,0,0,0,1,0,0,0,0,1,0,0,0,1,0
25.37629548967545,28.165630009519287,88.89020158880368,8.161863232797213,2.693455688939556,99.44139919207628,13.104887128463549,0,0,0,0,0,0,1,0,0,1,0,0,1,0,0,0,0,0,0,0,0,0,0,0
29.5995215109598,32.53372265079099,98.76818286974036,4.670954490003238,1.0842800705363491,63.808989968458015,77.5573244543102,0,0,0,0,0,0,0,1,0,0,0,0,0,0,1,0,0,0,0,0,0,0,1,0
27.04143291100249,27.25448783050213,70.99943356694827,3.739976275838706,3.61206708462694,83.3364377627993,34.488311345529645,0,1,0,0,0,0,0,0,0,0,0,0,0,0,0,1,0,1,1,0,0,0,0,0
30.24654165368081,34.96560095751262,88.42262796943228,4.487212483856743,0.6364207431604052,65.94173112864742,42.68019434805284,0,1,0,0,0,0,0,0,0,0,0,0,0,1,0,0,0,0,1,0,0,0,0,1
23.382043705394032,29.260979561030403,61.63707694336794,6.578663368699362,4.6145338369310105,71.29563201155999,17.960890605487112,0,0,0,0,0,0,1,0,0,0,0,0,0,0,1,0,0,1,0,0,0,0,0,0
23.359094778476603,25.330617587130103,80.43767306936297,3.8585957456579703,4.370533807824488,68.01940665866337,2.2043253949684094,0,0,0,1,0,0,0,0,0,0,0,0,1,0,0,0,1,0,0,1,0,0,0,0
23.29740172362145,31.472099077728856,53.64693079965697,2.774556396749976,1.3893697821957502,90.10824704285778,76.65261315859286,0,0,0,0,0,0,1,0,0,1,0,0,1,0,0,0,0,1,0,0,0,0,0,0
30.288859426394424,28.426673978182414,84.34288084298706,2.180522145165968,3.612339018067912,83.60572893605712,47.33512050113631,0,0,0,0,0,0,1,0,0,1,0,0,0,0,1,0,0,0,0,0,0,0,0,1
30.283845787120164,31.76322579833182,96.95341360038138,8.708434016871836,2.555311009979113,51.83344643140905,94.19571907868858,0,0,0,0,0,0,1,0,0,0,0,1,0,0,0,0,1,0,0,0,0,0,0,0
22.06406631376115,29.411275458938366,60.60083689003547,5.363902652443271,3.220730685717311,75.07645921458811,90.71145995476564,1,0,0,0,0,0,0,0,0,0,0,0,0,1,0,0,1,0,0,1,0,0,0,0
22.790441049945915,25.18025210119123,93.8206006306266,1.946349657130599,4.257353890698797,86.36075590271817,60.1210787314461,0,0,0,0,0,0,0,0,1,0,0,1,0,0,0,0,0,0,0,0,0,0,0,1
28.87191360247848,35.52983425769238,58.45987330159493,6.506983083851323,1.8357601506238064,86.93030736002893,87.34231405664181,0,0,0,0,0,1,0,0,0,0,0,0,0,0,0,1,0,0,0,0,1,1,0,0
22.49636294869604,26.637419321400863,85.95843733040843,3.8230621799969313,3.6343708862070967,91.9232863643637,84.14702143167335,0,0,0,0,0,0,1,0,0,0,0,0,0,0,1,0,0,0,0,0,0,0,1,1
23.970739643287644,35.933339383015074,98.38385554125908,2.02550665036331,4.9461139451280935,69.20097338563588,25.10134037938244,0,0,0,0,0,0,0,1,0,0,0,0,0,1,0,0,0,0,0,1,0,0,1,0
26.22698708449697,29.38350731830668,85.9790847698106,8.829544451889168,0.5298266435576038,98.89227601770968,79.67816947677008,0,1,0,0,0,0,0,0,0,0,0,0,1,0,0,0,1,0,0,0,0,0,0,0
23.11697553655313,27.707210421391583,98.69689182492256,8.5229303420555,4.510083299676861,77.83554674137943,34.451752322875194,0,0,1,0,0,0,0,0,0,0,0,0,0,0,1,0,0,0,0,0,1,0,0,0
25.786916152054356,31.491490261472077,82.71878293557708,8.208373898480684,1.3886406611898612,71.38319438564527,64.51811113331546,0,0,0,0,0,0,0,1,0,0,0,0,1,0,0,0,0,1,0,1,0,0,0,0
24.77331766579998,26.15266955804349,68.54837765792672,6.927842266783608,0.446424004491584,62.65507563920566,27.603476056711006,0,0,1,0,0,0,0,0,0,1,0,0,0,0,1,0,0,0,0,0,0,0,0,0
28.744187156612767,25.40705528712921,66.90464920044731,2.213820724956426,1.2957781075640358,54.57601701837224,38.62361532917148,0,0,0,0,0,0,0,0,1,0,0,0,0,0,1,0,0,0,0,1,0,0,1,0
30.025386709847236,26.418228138681112,86.97999483036907,6.5950135887309775,2.0391762071296773,96.49018967885696,45.56465296023225,0,0,1,0,0,0,0,0,0,1,0,0,0,0,1,0,0,0,0,1,0,0,0,0
24.53262713067076,34.37119301865903,55.78269687833348,7.259940021539357,0.7960813689372165,98.4191978319674,57.04735162515223,0,0,0,0,0,0,1,0,0,0,1,0,0,0,0,0,1,0,0,0,0,0,1,0
31.22442466427885,29.528383647707887,92.10738962766273,5.936320924717275,0.9937885347259884,83.56258628312678,43.308063603333466,1,0,0,0,0,0,0,0,0,0,0,0,1,0,0,0,0,0,0,0,1,0,0,0
26.012446618848685,32.99589247742385,61.4691750271062,3.2891281551849567,4.413296685044173,58.204573561717424,88.11726701447678,0,0,0,0,0,0,1,0,0,1,0,0,1,0,0,0,0,0,0,0,0,0,0,0
27.9956701493957,30.097442751037608,76.66623581226801,6.219941150140694,2.714311325318808,96.76434440233406,24.326259707990083,0,0,0,0,0,0,0,0,1,0,0,0,0,0,0,1,1,0,0,1,0,0,0,0
26.85122127178253,35.07976793597108,65.3515592571118,5.468412830309158,1.3829378249948228,71.65205017381699,70.10740904007035,0,0,0,0,0,0,0,0,1,0,1,0,0,0,0,0,0,0,0,0,1,0,0,0
30.324844357339327,25.33423580546038,62.37708928551491,3.1816438909002938,2.3123940558960534,54.008624468881614,88.51753411521634,0,0,0,0,0,0,1,0,0,0,1,0,0,0,0,0,0,0,0,0,0,0,0,1
29.218500041347745,27.897539979683987,76.78876517292353,3.5100502734982832,0.9818704095972676,64.82453221711904,59.82331608929773,0,0,0,1,0,0,0,0,0,0,0,1,0,0,0,0,0,0,0,0,0,0,1,0
31.224228217170875,32.28037020809996,94.95080350516656,6.880290482137724,1.2729359571277516,57.52338578523673,7.500836393125954,0,0,0,1,0,0,0,0,0,0,1,0,0,0,0,0,0,0,0,1,0,0,1,0
26.873222267112126,30.209125590503035,82.13449517572418,1.4361272325146386,4.335693871204987,51.26340175886858,43.83338944895322,0,0,0,0,0,0,1,0,0,0,0,0,0,0,1,0,1,1,0,0,0,0,0,0
25.85420348728209,28.44194948987006,77.51363676030493,5.654934975767699,4.866499566245023,80.03983363048187,84.26267598297783,0,0,0,1,0,0,0,0,0,1,1,0,0,0,0,0,0,0,0,1,0,0,0,0
31.479009077854563,33.94444870780782,85.36889087894731,8.739235592574587,4.102738074100094,89.55314752352893,58.62727291705041,0,0,1,0,0,0,0,0,0,0,0,0,0,0,1,0,0,0,1,0,0,0,0,0
24.046493830436752,35.22900324846507,67.22736595874991,8.406329803531895,4.396135844860637,60.45573135965327,41.43432165521076,0,0,0,0,1,0,0,0,0,0,0,0,0,1,0,0,0,0,0,0,0,1,0,0
22.063662609844965,25.552609080719638,82.37484403053155,8.831394920424726,3.523131389967315,95.7554926739221,42.89549495956783,1,0,0,0,0,0,0,0,0,0,0,0,1,0,0,0,0,0,0,0,0,1,0,0
30.931705461753207,28.720303976751826,63.60670511734226,4.94864216530539,2.892542650384067,91.82990678220231,15.316137500863224,0,1,0,0,0,0,0,0,0,0,0,0,0,1,0,0,0,1,0,0,0,0,0,0
